id,record_id,utility_id_ferc1,report_year,plant_name_ferc1,fuel_type_code_pudl,fuel_unit,fuel_qty_burned,fuel_mmbtu_per_unit,fuel_cost_per_unit_burned,fuel_cost_per_unit_delivered,fuel_cost_per_mmbtu
1,f1_fuel_1994_12_1_0_7,1,1994,rockport,coal,ton,5377489.0,16.59,18.59,18.53,1.121
2,f1_fuel_1994_12_1_0_10,1,1994,rockport total plant,coal,ton,10486945.0,16.592,18.58,18.53,1.12
3,f1_fuel_1994_12_2_0_1,2,1994,gorgas,coal,ton,2978683.0,24.13,39.72,38.12,1.65
4,f1_fuel_1994_12_2_0_7,2,1994,barry,coal,ton,3739484.0,23.95,47.21,45.99,1.97
5,f1_fuel_1994_12_2_0_10,2,1994,chickasaw,gas,mcf,40533.0,1.0,2.77,2.77,2.57
6,f1_fuel_1994_12_2_0_13,2,1994,e. c. gaston-unit 5,coal,ton,2124933.0,23.921999999999997,44.24,43.25,1.85
7,f1_fuel_1994_12_2_1_1,2,1994,joseph m. farley,nuclear,kgU,2260.0,0.064094,28.77,0.0,0.45
8,f1_fuel_1994_12_2_1_10,2,1994,resondent's portion,coal,ton,5372133.0,24.84,58.54,55.13,2.36
9,f1_fuel_1994_12_2_2_10,2,1994,respondent's portion,coal,ton,817520.0,24.29,33.97,34.65,1.4
10,f1_fuel_1994_12_4_0_1,4,1994,units 1-3,coal,ton,1471233.0,22.484,28.73,28.11,1.278
11,f1_fuel_1994_12_4_0_2,4,1994,units 1-3,gas,mcf,262720.0,1.026,1.94,1.94,13.9
12,f1_fuel_1994_12_4_0_4,4,1994,unit 4,coal,ton,476779.0,22.428,28.71,28.11,1.28
13,f1_fuel_1994_12_4_0_5,4,1994,unit 4,gas,mcf,6673.0,1.026,1.94,1.94,1.9
14,f1_fuel_1994_12_6_0_1,6,1994,clinch river,coal,ton,1655558.0,25.038,30.248,29.019,1.208
15,f1_fuel_1994_12_6_0_2,6,1994,clinch river,oil,bbl,6510.0,5.875338,32.13,23.444,5.469
16,f1_fuel_1994_12_6_0_4,6,1994,amos-apco share,coal,ton,3520831.0,24.508,44.404,42.915,1.812
17,f1_fuel_1994_12_6_0_7,6,1994,amos-total,coal,ton,5327281.0,24.538,44.312,42.94,1.806
18,f1_fuel_1994_12_6_0_10,6,1994,glen lyn,coal,ton,666975.0,25.836000000000002,36.268,32.893,1.404
19,f1_fuel_1994_12_6_0_13,6,1994,kanawha river,coal,ton,391864.0,25.159999999999997,46.024,42.034,1.829
20,f1_fuel_1994_12_6_0_14,6,1994,kanawha river,oil,bbl,3505.0,5.774958000000001,33.321,26.28,5.77
21,f1_fuel_1994_12_6_1_7,6,1994,mountainr,coal,ton,2837040.0,24.526,39.911,38.717,1.627
22,f1_fuel_1994_12_6_1_8,6,1994,mountainr,oil,bbl,50013.0,5.845644,30.319,23.884,5.187
23,f1_fuel_1994_12_6_1_10,6,1994,philip sporn-apco,coal,ton,383043.0,24.334000000000003,39.85,35.856,1.638
24,f1_fuel_1994_12_6_1_11,6,1994,philip sporn-apco,oil,bbl,13969.0,5.74287,32.184,30.508,5.604
25,f1_fuel_1994_12_6_1_13,6,1994,philip sporn ttl plt,coal,ton,1338459.0,24.334000000000003,40.144,35.793,1.65
26,f1_fuel_1994_12_6_1_14,6,1994,philip sporn ttl plt,oil,bbl,48750.0,5.742827999999999,32.186,30.507,5.605
27,f1_fuel_1994_12_7_0_1,7,1994,"cholla units 1,2,3",coal,ton,2062799.0,19.970000000000002,31.52,31.2,1.58
28,f1_fuel_1994_12_7_0_2,7,1994,"cholla units 1,2,3",oil,bbl,10088.0,5.851019999999999,32.65,28.73,5.58
29,f1_fuel_1994_12_7_0_3,7,1994,"cholla units 1,2,3",gas,mcf,38086.0,0.880901,2.49,2.48,2.82
30,f1_fuel_1994_12_7_0_7,7,1994,4 corners,coal,ton,2599962.0,17.53,21.17,20.86,1.21
31,f1_fuel_1994_12_7_0_8,7,1994,4 corners,gas,mcf,230205.0,1.015424,2.69,2.69,2.65
32,f1_fuel_1994_12_7_0_10,7,1994,4 corners,coal,ton,867805.0,17.52,21.99,21.05,1.26
33,f1_fuel_1994_12_7_0_11,7,1994,4 corners,gas,mcf,45116.0,1.015048,2.98,2.98,2.94
34,f1_fuel_1994_12_7_0_13,7,1994,ocotillo 1&2,gas,mcf,2996148.0,1.021877,2.18,2.17,2.13
35,f1_fuel_1994_12_7_1_1,7,1994,saguaro units 1&2,oil,bbl,1639.0,5.915742,33.7,32.06,5.7
36,f1_fuel_1994_12_7_1_2,7,1994,saguaro units 1&2,gas,mcf,1759325.0,1.027979,2.21,2.2,2.15
37,f1_fuel_1994_12_7_1_4,7,1994,yucca 1,oil,bbl,477.0,6.257034,39.14,39.14,6.35
38,f1_fuel_1994_12_7_1_5,7,1994,yucca 1,gas,mcf,342285.0,1.023303,2.38,2.38,2.32
39,f1_fuel_1994_12_7_1_10,7,1994,"navajo 1,2,3",coal,ton,1063986.0,22.028,24.02,23.64,1.09
40,f1_fuel_1994_12_7_2_2,7,1994,yucca comb. turbine,gas,mcf,131028.0,1.023984,2.3,2.29,2.24
41,f1_fuel_1994_12_7_2_4,7,1994,douglas,oil,bbl,535.0,5.841863999999999,39.88,28.08,6.83
42,f1_fuel_1994_12_7_2_7,7,1994,ocotil 1&2,gas,mcf,313773.0,1.021088,2.54,2.53,2.49
43,f1_fuel_1994_12_7_2_11,7,1994,w. phx 1&2,gas,mcf,275636.0,1.020837,2.21,2.21,2.17
44,f1_fuel_1994_12_7_2_13,7,1994,saguaro 1&2,oil,bbl,34.0,5.81763,53.71,52.15,9.23
45,f1_fuel_1994_12_7_2_14,7,1994,saguaro 1&2,gas,mcf,168463.0,1.025843,1.93,1.92,1.88
46,f1_fuel_1994_12_7_3_1,7,1994,"palo verde 1,2,3",nuclear,kgU,1066.0,0.066705,40803.0,1550.0,0.58
47,f1_fuel_1994_12_7_3_7,7,1994,w. phoenix,oil,bbl,2016.0,5.837664,30.41,22.52,5.21
48,f1_fuel_1994_12_7_3_8,7,1994,w. phoenix,gas,mcf,7226661.0,1.020227,2.29,2.29,2.25
49,f1_fuel_1994_12_9_0_2,9,1994,b.l. england,coal,ton,576688.0,24.294,44.92,43.55,1.859
50,f1_fuel_1994_12_9_0_3,9,1994,b.l. england,waste,ton,2438.0,0.015939,34.18,34.18,1.072
51,f1_fuel_1994_12_9_0_5,9,1994,deepwater,coal,ton,148643.0,24.168,49.35,45.67,2.042
52,f1_fuel_1994_12_9_0_6,9,1994,deepwater,gas,mcf,816934.0,1.0410000000000001,3.86,3.86,3.709
53,f1_fuel_1994_12_9_0_8,9,1994,pch bt 2&3,nuclear,gramsU,204246.0,6.5e-05,44.0,0.0,0.679
54,f1_fuel_1994_12_9_0_11,9,1994,salem 1 &2,nuclear,gramsU,139013.0,6.6e-05,41.31,0.0,0.623
55,f1_fuel_1994_12_9_0_14,9,1994,hope ck 1,nuclear,gramsU,61570.0,6.2e-05,37.51,0.0,0.603
56,f1_fuel_1994_12_9_1_8,9,1994,keystone,coal,ton,100891.0,24.554,37.29,36.79,1.519
57,f1_fuel_1994_12_9_1_11,9,1994,conemaugh,coal,ton,159698.0,24.878,31.44,30.12,1.266
58,f1_fuel_1994_12_9_1_12,9,1994,conemaugh,gas,mcf,16899.0,1.03,3.29,3.29,3.158
59,f1_fuel_1994_12_9_1_13,9,1994,cumberland,oil,bbl,13744.0,5.598138,38.87,38.1,6.944
60,f1_fuel_1994_12_9_1_14,9,1994,cumberland,gas,mcf,816934.0,1.0410000000000001,3.86,3.86,3.709
61,f1_fuel_1994_12_9_2_7,9,1994,deepwater,oil,bbl,3390.0,5.610612000000001,31.68,31.68,5.646
62,f1_fuel_1994_12_9_2_11,9,1994,missouri,oil,bbl,13807.0,5.60406,37.77,35.66,6.739
63,f1_fuel_1994_12_9_2_14,9,1994,middle sta,oil,bbl,18579.0,5.602044,35.58,35.49,6.351
64,f1_fuel_1994_12_9_3_8,9,1994,cedar stat,oil,bbl,17169.0,5.60406,35.81,35.68,6.39
65,f1_fuel_1994_12_9_3_10,9,1994,carll's cor,oil,bbl,4074.0,5.599145999999999,36.65,36.37,6.546
66,f1_fuel_1994_12_9_3_11,9,1994,carll's cor,gas,mcf,136418.0,1.0399999999999998,2.92,2.92,2.81
67,f1_fuel_1994_12_9_3_13,9,1994,mickleton,oil,unknown,3547.0,5.606159999999999,41.93,41.77,7.48
68,f1_fuel_1994_12_9_3_14,9,1994,mickleton,gas,mcf,154921.0,1.0410000000000001,3.55,3.55,3.413
69,f1_fuel_1994_12_9_4_7,9,1994,sherman ae,oil,bbl,7727.0,5.597508,35.82,34.54,6.399
70,f1_fuel_1994_12_10_0_1,10,1994,calvert cliffs,nuclear,gramsU,1573622.0,0.076936,38.07,0.0,0.5
71,f1_fuel_1994_12_10_0_4,10,1994,brandon shores,coal,ton,3504305.0,24.998,40.56,37.55,1.62
72,f1_fuel_1994_12_10_0_7,10,1994,westport,oil,bbl,256.0,5.7867180000000005,33.04,0.0,5.71
73,f1_fuel_1994_12_10_0_10,10,1994,westport,gas,mcf,178240.0,1.0410000000000001,2.84,2.84,2.72
74,f1_fuel_1994_12_10_0_14,10,1994,gould street,gas,mcf,1774.0,1.0410000000000001,4.82,4.82,4.63
75,f1_fuel_1994_12_10_1_1,10,1994,riverside,gas,mcf,146102.0,1.0410000000000001,2.79,2.79,2.68
76,f1_fuel_1994_12_10_1_4,10,1994,riverside,gas,mcf,64.0,1.0410000000000001,2.92,2.92,2.81
77,f1_fuel_1994_12_10_1_5,10,1994,riverside,oil,bbl,25174.0,5.668782,29.07,28.04,5.13
78,f1_fuel_1994_12_10_1_7,10,1994,wagner,coal,ton,848825.0,25.976,42.18,37.54,1.62
79,f1_fuel_1994_12_10_1_9,10,1994,wagner,gas,mcf,1909210.0,1.0410000000000001,2.75,2.75,2.64
80,f1_fuel_1994_12_10_1_13,10,1994,crane,coal,ton,720527.0,26.009999999999998,39.97,37.42,1.54
81,f1_fuel_1994_12_10_2_4,10,1994,notch cliff,gas,mcf,198942.0,1.0410000000000001,2.89,2.89,2.78
82,f1_fuel_1994_12_10_3_1,10,1994,keystone *,coal,ton,856362.0,24.573999999999998,37.29,0.0,1.52
83,f1_fuel_1994_12_10_3_7,10,1994,conemaugh*,coal,ton,432455.0,24.875999999999998,32.15,0.0,1.29
84,f1_fuel_1994_12_10_3_9,10,1994,conemaugh*,gas,mcf,46562.0,1.036,3.29,3.29,3.17
85,f1_fuel_1994_12_11_0_6,11,1994,w.f. wyman,unknown,bbl,55652.0,0.149719,14.685,15.09,2.335
86,f1_fuel_1994_12_12_0_3,12,1994,ben french,gas,mcf,64478.0,1.019,2.09,2.09,2.05
87,f1_fuel_1994_12_12_0_7,12,1994,bf station,coal,ton,133867.0,16.209999999999997,18.37,17.81,1.13
88,f1_fuel_1994_12_12_0_8,12,1994,bf station,oil,bbl,2201.0,5.67,29.29,29.29,5.165
89,f1_fuel_1994_12_12_0_9,12,1994,bf station,gas,mcf,5169.0,1.019,3.173,3.173,3.113
90,f1_fuel_1994_12_12_0_11,12,1994,osage plant,coal,ton,205675.0,16.01,14.72,14.3,0.919
91,f1_fuel_1994_12_12_0_14,12,1994,wyodak plant,coal,ton,391234.0,15.896,10.1,9.67,0.635
92,f1_fuel_1994_12_15_0_1,15,1994,kendall,gas,mcf,1420358.0,1.0,2.371,2.371,2.371
93,f1_fuel_1994_12_15_0_5,15,1994,kendall jets,oil,bbl,3715.0,5.610612000000001,28.415,28.947,5.064
94,f1_fuel_1994_12_16_0_8,16,1994,seabrook 1,nuclear,gramsU,35833.0,61.8,54.121,54.121,0.088
95,f1_fuel_1994_12_17_0_2,17,1994,cape fear,coal,ton,480608.0,25.28,48.16,47.53,1.905
96,f1_fuel_1994_12_17_0_8,17,1994,weatherspn,coal,ton,96572.0,24.962000000000003,42.99,42.36,1.722
97,f1_fuel_1994_12_17_0_10,17,1994,w.h. weatherspoon,gas,mcf,89965.0,1.034,2.94,0.0,2.843
98,f1_fuel_1994_12_17_0_14,17,1994,h. f. lee,coal,ton,354165.0,25.384,49.71,50.41,1.959
99,f1_fuel_1994_12_17_1_6,17,1994,l. v. sutton,coal,ton,490256.0,25.07,41.34,40.73,1.649
100,f1_fuel_1994_12_17_1_11,17,1994,h. b. robinson,coal,ton,224820.0,25.094,50.37,45.26,2.007
101,f1_fuel_1994_12_17_1_13,17,1994,h. b. robinson,gas,mcf,9114.0,1.0219999999999998,3.77,0.0,3.688
102,f1_fuel_1994_12_17_2_2,17,1994,asheville,coal,ton,820998.0,25.618,32.98,32.82,1.287
103,f1_fuel_1994_12_17_2_5,17,1994,roxboro,coal,ton,4834863.0,25.024,44.24,43.84,1.768
104,f1_fuel_1994_12_17_2_8,17,1994,roxboro,oil,bbl,1361.0,5.857446,40.89,22.62,6.98
105,f1_fuel_1994_12_17_2_11,17,1994,mayo,coal,ton,1081755.0,24.22,46.73,45.82,1.929
106,f1_fuel_1994_12_17_2_14,17,1994,h. b. robinson,nuclear,mwdth,632744.0,3.413,38.96,0.0,0.476
107,f1_fuel_1994_12_17_3_2,17,1994,brunswick *,nuclear,mwdth,1152440.0,3.413,40.22,0.0,0.491
108,f1_fuel_1994_12_17_3_10,17,1994,darlington,gas,mcf,241955.0,1.024,3.63,0.0,3.544
109,f1_fuel_1994_12_17_3_11,17,1994,darlington,oil,bbl,61893.0,5.861058,31.0,24.23,5.289
110,f1_fuel_1994_12_17_4_2,17,1994,harris,nuclear,mwdth,683097.0,3.413,34.22,0.0,0.418
111,f1_fuel_1994_12_20_0_1,20,1994,e.d. edwards,coal,ton,1402954.0,25.25,41.115,40.352,1.628
112,f1_fuel_1994_12_20_0_4,20,1994,duck creek,coal,ton,1033102.0,20.974,38.436,37.875,1.833
113,f1_fuel_1994_12_20_0_7,20,1994,sterling,gas,mcf,15269.0,1.0050000000000001,4.188,4.188,4.166
114,f1_fuel_1994_12_24_0_1,24,1994,nueces bay,gas,mcf,21451726.0,1.036,2.297,2.297,2.217
115,f1_fuel_1994_12_24_0_2,24,1994,nueces bay,oil,bbl,256.0,6.1992,36.236,36.236,5.845
116,f1_fuel_1994_12_24_0_4,24,1994,la palma,gas,mcf,8545882.0,1.0430000000000001,1.868,1.868,1.792
117,f1_fuel_1994_12_24_0_7,24,1994,laredo,gas,mcf,8102417.0,1.0610000000000002,2.671,2.671,2.517
118,f1_fuel_1994_12_24_0_10,24,1994,lon c. hill,gas,mcf,15334081.0,1.035,2.227,2.227,2.153
119,f1_fuel_1994_12_24_0_11,24,1994,lon c. hill,oil,bbl,57.0,6.350862,41.707,41.707,6.567
120,f1_fuel_1994_12_24_0_13,24,1994,victoria,gas,mcf,5102181.0,1.0410000000000001,2.243,2.243,2.155
121,f1_fuel_1994_12_24_0_14,24,1994,victoria,oil,bbl,81.0,6.3826979999999995,37.539,37.539,5.881
122,f1_fuel_1994_12_24_1_1,24,1994,coleto creek,coal,ton,1804090.0,21.7,44.303,44.303,2.042
123,f1_fuel_1994_12_24_1_4,24,1994,la palma #7,gas,mcf,217024.0,1.036,1.413,1.413,1.364
124,f1_fuel_1994_12_24_1_7,24,1994,j.l. bates,gas,mcf,8414603.0,1.027,1.935,1.935,1.884
125,f1_fuel_1994_12_24_1_8,24,1994,j.l. bates,oil,bbl,235.0,5.902134,30.373,30.373,5.146
126,f1_fuel_1994_12_24_1_10,24,1994,e.s. joslin,gas,mcf,6583902.0,1.026,2.551,2.551,2.486
127,f1_fuel_1994_12_24_1_13,24,1994,b.m davis,gas,mcf,28526077.0,1.057,2.026,2.026,1.917
128,f1_fuel_1994_12_24_2_1,24,1994,oklaunion,coal,ton,246737.0,16.740000000000002,23.453,23.453,1.401
129,f1_fuel_1994_12_26_0_1,26,1994,san juan 3,coal,ton,165886.0,19.509999999999998,30.91,30.91,1.595
130,f1_fuel_1994_12_26_0_3,26,1994,san juan 3,oil,bbl,660.0,6.005999999999999,30.26,30.26,5.042
131,f1_fuel_1994_12_191_0_1,191,1994,tecumseh,coal,ton,353593.0,21.930000000000003,25.8,25.64,1.176
132,f1_fuel_1994_12_191_0_2,191,1994,tecumseh,gas,mcf,59839.0,0.9959999999999999,7.82,7.82,7.848
133,f1_fuel_1994_12_191_0_4,191,1994,tecumseh,gas,mcf,7669.0,1.002,4.861,4.861,4.851
134,f1_fuel_1994_12_191_0_7,191,1994,lawrence,coal,ton,918322.0,21.951999999999998,25.77,25.59,1.174
135,f1_fuel_1994_12_191_0_8,191,1994,lawrence,gas,mcf,412199.0,1.004,2.981,2.981,2.969
136,f1_fuel_1994_12_191_0_10,191,1994,hutchinson,gas,mcf,1270682.0,1.0050000000000001,2.361,2.361,2.349
137,f1_fuel_1994_12_191_0_13,191,1994,hutchinson,gas,mcf,212190.0,1.004,2.549,2.549,2.538
138,f1_fuel_1994_12_31_0_1,31,1994,"conesville 1-3,5,6",coal,ton,2579884.0,23.45,32.86,30.29,1.401
139,f1_fuel_1994_12_31_0_4,31,1994,picway,coal,ton,342366.0,22.598,24.34,23.13,1.077
140,f1_fuel_1994_12_31_0_7,31,1994,cones. 4,coal,ton,1289995.0,24.008000000000003,45.36,43.19,1.889
141,f1_fuel_1994_12_31_0_10,31,1994,cones. 4 csp shr,coal,ton,627449.0,24.004,46.67,44.1,1.944
142,f1_fuel_1994_12_31_0_13,31,1994,zimmer csp shr,coal,ton,864025.0,24.09,25.4,24.44,1.054
143,f1_fuel_1994_12_31_1_1,31,1994,beckjord 6 csp shr,coal,ton,94383.0,23.416,38.42,36.85,1.641
144,f1_fuel_1994_12_31_1_4,31,1994,stuart csp shr,coal,ton,1629373.0,22.72,32.75,31.9,1.442
145,f1_fuel_1994_12_8_0_8,8,1994,h. couch,gas,mcf,3630662.0,1.135,1.548,1.548,1.364
146,f1_fuel_1994_12_8_0_11,8,1994,robert ritchie,gas,mcf,3488543.0,1.005,1.944,1.944,1.934
147,f1_fuel_1994_12_8_0_14,8,1994,lake catherine,gas,mcf,10739510.0,1.009,1.93,1.93,1.92
148,f1_fuel_1994_12_8_0_15,8,1994,lake catherine,oil,bbl,42241.0,6.231414,35.723,35.723,5.733
149,f1_fuel_1994_12_8_1_8,8,1994,white bluf,coal,ton,3203822.0,17.212000000000003,36.223,36.223,2.104
150,f1_fuel_1994_12_8_1_9,8,1994,white bluf,oil,bbl,15397.0,5.7813,78.594,78.594,13.594
151,f1_fuel_1994_12_8_1_11,8,1994,independence,coal,ton,871939.0,17.238,32.279,32.279,1.873
152,f1_fuel_1994_12_8_1_12,8,1994,independence,oil,bbl,7117.0,5.784156,122.508,122.508,21.18
153,f1_fuel_1994_12_8_1_14,8,1994,ar nuclear one,nuclear,unknown,43461380.0,3.4126,1.654,0.0,0.485
154,f1_fuel_1994_12_8_1_15,8,1994,ar nuclear one,oil,bbl,2043.0,5.7939419999999995,43.409,0.0,7.492
155,f1_fuel_1994_12_8_2_8,8,1994,mabelvale,oil,bbl,553.0,5.883821999999999,69.154,69.154,11.752
156,f1_fuel_1994_12_8_2_11,8,1994,blytheville,oil,bbl,21691.0,5.761308,57.192,57.192,9.927
157,f1_fuel_1994_12_8_2_14,8,1994,ritchie gas turbine,oil,bbl,855.0,5.762148000000001,56.781,56.781,9.854
158,f1_fuel_1994_12_191_1_1,191,1994,abilene,gas,mcf,155860.0,1.009,2.537,2.537,2.514
159,f1_fuel_1994_12_42_1_8,42,1994,hutchings,coal,ton,129840.0,24.1,34.81,33.89,1.444
160,f1_fuel_1994_12_42_1_9,42,1994,hutchings,gas,mcf,317400.0,1.02,4.66,4.66,4.573
161,f1_fuel_1994_12_42_2_1,42,1994,jm stuart (note 2),coal,ton,6360780.0,22.802,32.79,31.9,1.438
162,f1_fuel_1994_12_42_2_4,42,1994,j. m. stuart,coal,ton,11401.0,22.802,32.8,31.9,1.438
163,f1_fuel_1994_12_42_2_9,42,1994,hutchings,gas,mcf,62770.0,1.02,4.03,4.03,3.947
164,f1_fuel_1994_12_42_3_1,42,1994,wc beckjord #6 (4),coal,ton,360110.0,23.45,38.51,36.91,2.345
165,f1_fuel_1994_12_42_3_4,42,1994,conesville #4 (6),coal,ton,181616.0,24.006,46.54,44.7,1.642
166,f1_fuel_1994_12_42_4_8,42,1994,killen,coal,ton,1255820.0,24.548000000000002,36.34,36.73,1.48
167,f1_fuel_1994_12_42_5_8,42,1994,killen,coal,ton,825157.0,24.542,36.33,36.75,1.48
168,f1_fuel_1994_12_42_6_9,42,1994,yankee s.,gas,mcf,176500.0,1.02,4.01,4.01,3.931
169,f1_fuel_1994_12_42_7_8,42,1994,east bend,coal,ton,404195.0,24.186,34.92,33.02,1.445
170,f1_fuel_1994_12_42_8_8,42,1994,miami fort,coal,ton,840887.0,24.182,37.21,35.42,1.539
171,f1_fuel_1994_12_42_9_8,42,1994,w.h.zimmer,coal,ton,1000015.0,24.084,25.38,24.47,1.054
172,f1_fuel_1994_12_43_1_8,43,1994,con 1&2,gas,mcf,16413.0,1.0790000000000002,3.29,3.29,1.28
173,f1_fuel_1994_12_43_2_5,43,1994,christiana peaking,oil,bbl,18827.0,5.7096480000000005,30.48,27.49,5.34
174,f1_fuel_1994_12_44_0_2,44,1994,belle river (total),coal,ton,4996518.0,18.706,27.62,27.62,1.476
175,f1_fuel_1994_12_44_0_5,44,1994,belle river (deco),coal,ton,4058668.0,18.706,27.62,27.62,1.476
176,f1_fuel_1994_12_44_0_14,44,1994,monroe,coal,ton,8604199.0,22.442,35.56,31.73,1.585
177,f1_fuel_1994_12_44_1_4,44,1994,gw (cont),gas,mcf,1419098.0,1.011,3.871,3.871,3.829
178,f1_fuel_1994_12_44_1_8,44,1994,r rouge,gas,mcf,341010.0,1.0050000000000001,2.87,2.87,2.855
179,f1_fuel_1994_12_44_1_13,44,1994,marysville,coal,ton,106082.0,25.48,43.33,46.82,1.701
180,f1_fuel_1994_12_44_1_14,44,1994,marysville,gas,mcf,199550.0,1.016,4.026,4.026,3.962
181,f1_fuel_1994_12_44_2_3,44,1994,northeast,gas,mcf,63519.0,1.019,3.624,3.624,3.556
182,f1_fuel_1994_12_44_2_6,44,1994,st. clair,gas,mcf,11572.0,1.02,4.079,4.079,3.998
183,f1_fuel_1994_12_44_2_7,44,1994,harbor b,coal,ton,96044.0,25.758,43.4,46.51,1.685
184,f1_fuel_1994_12_44_2_10,44,1994,st. clair,coal,ton,4340916.0,19.186,27.43,27.11,1.43
185,f1_fuel_1994_12_44_2_13,44,1994,st. clair (cont.),gas,mcf,205977.0,1.0250000000000001,3.87,3.87,3.774
186,f1_fuel_1994_12_44_3_7,44,1994,trenton ch,coal,ton,1558709.0,22.758,35.82,36.15,1.57
187,f1_fuel_1994_12_44_3_13,44,1994,hancock,gas,mcf,85229.0,1.021,3.939,3.939,3.855
188,f1_fuel_1994_12_46_0_1,46,1994,cheswick,coal,ton,1536530.0,25.256,31.953,30.479,1.283
189,f1_fuel_1994_12_46_0_4,46,1994,elrama,coal,ton,1067303.0,24.823999999999998,45.423,30.479,1.938
190,f1_fuel_1994_12_46_0_7,46,1994,sammis 7,coal,ton,500090.0,24.176,31.949,30.453,1.322
191,f1_fuel_1994_12_46_0_10,46,1994,ft. martin,coal,ton,570600.0,25.186,38.289,37.176,1.534
192,f1_fuel_1994_12_46_0_13,46,1994,eastlake #5,coal,ton,348062.0,25.738,41.83,33.196,1.629
193,f1_fuel_1994_12_46_1_1,46,1994,mansfield,coal,ton,596681.0,24.046000000000003,41.566,40.268,1.923
194,f1_fuel_1994_12_46_1_4,46,1994,brunot island,oil,bbl,41613.0,5.395572,32.196,28.961,6.004
195,f1_fuel_1994_12_46_1_7,46,1994,perry #1,nuclear,mmbtu,6619313.0,0.110455,1.17,0.0,1.17
196,f1_fuel_1994_12_46_1_10,46,1994,beaver valley #1,nuclear,mmbtu,28373373.0,0.127516,0.809,0.0,0.809
197,f1_fuel_1994_12_46_1_13,46,1994,beaver valley #2,nuclear,mmbtu,10192484.0,0.110176,0.695,0.0,0.695
198,f1_fuel_1994_12_50_0_1,50,1994,eei-joppa,coal,ton,4017388.0,18.414,19.641,18.85,1.06
199,f1_fuel_1994_12_51_0_1,51,1994,riverton,coal,ton,290164.0,19.524,22.9,22.631,1.159
200,f1_fuel_1994_12_51_0_2,51,1994,riverton,gas,mcf,106549.0,1.001,2.055,2.055,2.054
201,f1_fuel_1994_12_51_0_5,51,1994,riverton,gas,mcf,903497.0,0.9990000000000001,1.79,1.79,1.793
202,f1_fuel_1994_12_51_0_7,51,1994,asbury,coal,ton,846591.0,17.951999999999998,18.669,18.265,1.017
203,f1_fuel_1994_12_51_0_13,51,1994,iatan,coal,ton,367931.0,17.436,15.483,14.878,0.853
204,f1_fuel_1994_12_54_0_6,54,1994,w.f. wyman unit 4,unknown,bbl,1217.0,0.149719,14.685,15.09,2.335
205,f1_fuel_1994_12_55_0_7,55,1994,c.r. south,coal,ton,1865521.0,24.584000000000003,46.505,44.671,1.892
206,f1_fuel_1994_12_55_0_10,55,1994,crystal river north,coal,ton,3436337.0,25.166,50.349,49.708,2.001
207,f1_fuel_1994_12_55_2_10,55,1994,avon park,gas,mcf,117113.0,1.038,2.179,2.179,2.098
208,f1_fuel_1994_12_55_2_13,55,1994,higgins,gas,mcf,138998.0,1.039,1.988,1.988,1.914
209,f1_fuel_1994_12_55_3_7,55,1994,u.f.,gas,mcf,2156797.0,1.036,2.311,2.311,22.3
210,f1_fuel_1994_12_55_3_8,55,1994,u.f.,oil,bbl,1190.0,5.73699,36.514,21.339,6.365
211,f1_fuel_1994_12_55_3_10,55,1994,suwannee,gas,mcf,1648211.0,1.0219999999999998,2.959,2.959,2.895
212,f1_fuel_1994_12_38_0_1,38,1994,connecticut yankee,nuclear,gramsU,652000.0,6e-06,0.0,0.0,0.0
213,f1_fuel_1994_12_73_0_1,73,1994,tanners creek,coal,ton,1756022.0,24.060000000000002,35.31,33.91,1.468
214,f1_fuel_1994_12_73_0_7,73,1994,d. c. cook,nuclear,gramsU,1657763.0,0.062991,26.08,0.0,0.414
215,f1_fuel_1994_12_73_1_7,73,1994,rockport,coal,ton,5109456.0,16.592,18.58,17.86,1.12
216,f1_fuel_1994_12_73_1_10,73,1994,rockport-total plt,coal,ton,10486945.0,16.592,18.58,17.86,1.12
217,f1_fuel_1994_12_81_0_2,81,1994,big sandy,coal,ton,2314651.0,23.66,26.83,25.96,1.134
218,f1_fuel_1994_12_127_0_1,127,1994,muskingum river,coal,ton,2474148.0,23.2,57.69,62.79,2.487
219,f1_fuel_1994_12_127_0_4,127,1994,gavin,coal,ton,5273071.0,22.72,42.15,40.29,1.855
220,f1_fuel_1994_12_19_0_2,19,1994,danskammer,gas,mcf,835096.0,1.02,2.23,2.23,2.18
221,f1_fuel_1994_12_19_0_3,19,1994,danskammer,coal,ton,751194.0,25.872,49.4,49.67,1.91
222,f1_fuel_1994_12_19_0_7,19,1994,roseton,gas,mcf,3719771.0,1.02,2.26,2.26,2.22
223,f1_fuel_1994_12_19_0_13,19,1994,west coxsackie,gas,mcf,10072.0,1.02,3.38,3.38,3.31
224,f1_fuel_1994_12_19_0_14,19,1994,west coxsackie,oil,bbl,1985.0,5.607,32.77,26.7,5.84
225,f1_fuel_1994_12_19_1_8,19,1994,s. cairo,oil,bbl,1005.0,5.607,34.62,32.76,6.18
226,f1_fuel_1994_12_36_0_1,36,1994,waterside,gas,mcf,6066333.0,1.035,291.22,0.0,2.8146
227,f1_fuel_1994_12_36_0_4,36,1994,east river,gas,mcf,4783104.0,1.036,262.81,0.0,2.5371
228,f1_fuel_1994_12_61_0_6,61,1994,berlin #5,oil,bbl,6243.0,5.746902,30.02,30.02,5.22
229,f1_fuel_1994_12_61_0_9,61,1994,wyman,unknown,bbl,7639.0,0.149719,14.685,15.09,2.335
230,f1_fuel_1994_12_61_0_11,61,1994,stony brook intermed,gas,mcf,121050.0,1.025,2.38,2.38,2.32
231,f1_fuel_1994_12_61_0_13,61,1994,joseph mcneil,waste,ton,13372.0,0.00475,25.19,25.53,2.65
232,f1_fuel_1994_12_61_0_15,61,1994,joseph mcneil,gas,mcf,18116.0,0.996685,2.08,2.08,2.09
233,f1_fuel_1994_12_63_0_2,63,1994,river bend unit 1,nuclear,mwhth,10748582.0,3.4126,3.801,0.0,1.114
234,f1_fuel_1994_12_63_0_4,63,1994,*roy s. nelson unit,coal,ton,1619966.0,16.858,29.325,0.0,1.74
235,f1_fuel_1994_12_63_0_13,63,1994,willow glen,gas,mcf,53904787.0,1.047,2.231,0.0,2.085
236,f1_fuel_1994_12_63_1_2,63,1994,*lewis creek,gas,mcf,24505065.0,1.03,1.991,0.0,1.973
237,f1_fuel_1994_12_63_1_4,63,1994,sabine,gas,mcf,89379732.0,1.038,2.262,0.0,2.14
238,f1_fuel_1994_12_63_1_7,63,1994,*b.c.2 ut3,coal,ton,1133584.0,14.44,22.621,0.0,1.567
239,f1_fuel_1994_12_63_1_11,63,1994,*r.s.nelson uts.3&4,gas,mcf,16958106.0,1.053,1.954,0.0,1.928
240,f1_fuel_1994_12_64_0_1,64,1994,hardee power,gas,mcf,2488.0,1.038,2.389,2.389,2.301
241,f1_fuel_1994_12_68_0_1,68,1994,cedar bayou,gas,mcf,71132513.0,1.0250000000000001,1.971,1.915,1.923
242,f1_fuel_1994_12_68_0_2,68,1994,cedar bayou,oil,bbl,36907.0,6.40101,36.078,10.411,5.636
243,f1_fuel_1994_12_68_0_7,68,1994,deepwater,gas,mcf,1430240.0,1.032,2.274,2.222,2.203
244,f1_fuel_1994_12_68_0_10,68,1994,greens bayou,gas,mcf,8428193.0,1.027,1.93,1.883,1.879
245,f1_fuel_1994_12_68_0_13,68,1994,limestone,coal,ton,8960362.0,13.082,14.492,11.395,1.108
246,f1_fuel_1994_12_68_0_14,68,1994,limestone,gas,mcf,1394990.0,1.0230000000000001,1.917,1.924,1.873
247,f1_fuel_1994_12_68_0_15,68,1994,limestone,oil,bbl,710.0,5.81973,35.696,21.234,6.134
248,f1_fuel_1994_12_68_1_4,68,1994,p.h. robinson,gas,mcf,82247255.0,1.03,1.855,1.992,1.802
249,f1_fuel_1994_12_68_1_7,68,1994,s.r.berton,gas,mcf,9180120.0,1.029,2.106,2.058,2.048
250,f1_fuel_1994_12_68_1_10,68,1994,t.h.wharton,gas,mcf,4706705.0,1.0219999999999998,2.12,2.073,2.075
251,f1_fuel_1994_12_68_1_13,68,1994,w.a.parish,coal,ton,10433212.0,16.596,26.392,24.189,1.59
252,f1_fuel_1994_12_68_1_14,68,1994,w.a.parish,gas,mcf,22284623.0,1.0150000000000001,1.977,1.934,1.947
253,f1_fuel_1994_12_68_2_1,68,1994,webster,gas,mcf,3062264.0,1.024,2.044,1.984,1.996
254,f1_fuel_1994_12_68_2_4,68,1994,greens bayou,gas,mcf,741712.0,1.037,2.208,2.149,2.13
255,f1_fuel_1994_12_68_2_5,68,1994,greens bayou,oil,bbl,1380.0,5.784072,139.711,33.354,24.154
256,f1_fuel_1994_12_68_2_7,68,1994,sr bertron,gas,mcf,29158.0,1.011,1.987,1.931,1.965
257,f1_fuel_1994_12_68_2_10,68,1994,t.h.wharton,gas,mcf,13275141.0,1.014,2.094,2.035,2.067
258,f1_fuel_1994_12_68_2_11,68,1994,t.h.wharton,oil,bbl,6997.0,5.880083999999999,89.409,33.125,15.205
259,f1_fuel_1994_12_68_2_13,68,1994,w.a.parish,gas,mcf,9548.0,1.032,2.016,1.963,1.955
260,f1_fuel_1994_12_68_3_1,68,1994,h.o. clarke,gas,mcf,63034.0,1.013,2.245,2.192,2.217
261,f1_fuel_1994_12_68_3_4,68,1994,webster,gas,mcf,10053.0,1.031,2.263,2.206,2.195
262,f1_fuel_1994_12_68_3_7,68,1994,phrobinson,gas,mcf,3184.0,1.02,2.259,2.172,2.215
263,f1_fuel_1994_12_70_0_1,70,1994,boardman,coal,ton,225844.0,17.842,21.28,20.19,1.19
264,f1_fuel_1994_12_70_0_4,70,1994,valmy,coal,ton,707111.0,20.506,42.36,41.0,2.07
265,f1_fuel_1994_12_70_0_7,70,1994,jim bridg,coal,ton,3018813.0,18.814,19.52,19.05,1.04
266,f1_fuel_1994_12_70_0_9,70,1994,jim bridg,oil,bbl,9597.0,5.880000000000001,31.0,26.78,5.27
267,f1_fuel_1994_12_72_0_1,72,1994,clifty creek,coal,ton,3916595.0,22.692,23.82,22.98,1.05
268,f1_fuel_1994_12_127_0_7,127,1994,kammer,coal,ton,1786648.0,24.258,27.12,25.35,1.118
269,f1_fuel_1994_12_127_0_10,127,1994,amos opco share,coal,ton,1806549.0,24.592,44.13,42.99,1.795
270,f1_fuel_1994_12_127_0_11,127,1994,amos opco share,oil,bbl,11680.0,5.8327919999999995,31.19,21.0,5.347
271,f1_fuel_1994_12_127_0_13,127,1994,amos total plant,coal,ton,5327381.0,24.538,44.31,42.94,1.806
272,f1_fuel_1994_12_127_1_1,127,1994,cardinal-op share,coal,ton,1867942.0,24.17,38.79,38.74,1.605
273,f1_fuel_1994_12_127_1_4,127,1994,cardinal tot. plt.,coal,ton,4008477.0,24.194,39.49,38.95,1.632
274,f1_fuel_1994_12_127_1_7,127,1994,mitchell,coal,ton,3448905.0,24.334000000000003,34.76,34.18,1.429
275,f1_fuel_1994_12_127_1_10,127,1994,sporn opco share,coal,ton,955424.0,24.336,40.26,35.76,1.654
276,f1_fuel_1994_12_127_1_11,127,1994,sporn opco share,oil,bbl,34781.0,5.742827999999999,32.18,30.51,5.604
277,f1_fuel_1994_12_74_0_1,74,1994,perry k & w,coal,ton,2240.0,23.724,30.333,27.135,1.322
278,f1_fuel_1994_12_74_0_3,74,1994,perry k & w,unknown,unknown,2654942.0,0.1,0.044,0.0,0.44
279,f1_fuel_1994_12_74_0_4,74,1994,petersburg,coal,ton,4699430.0,22.406,23.796,23.523,1.062
280,f1_fuel_1994_12_74_0_7,74,1994,e.w. stout,coal,ton,1298400.0,22.512,27.152,26.375,1.206
281,f1_fuel_1994_12_74_0_10,74,1994,h.t. pritchard,coal,ton,286414.0,22.464000000000002,29.029,26.983,1.292
282,f1_fuel_1994_12_74_0_14,74,1994,e.w. stout,gas,mcf,107210.0,1.012,2.9,2.2,2.865
283,f1_fuel_1994_12_75_0_1,75,1994,"m.l. kapp, ia",coal,ton,455724.0,23.064,33.719,34.13,1.462
284,f1_fuel_1994_12_75_0_3,75,1994,"m.l. kapp, ia",gas,mcf,37743.0,1.019,2.803,2.803,2.751
285,f1_fuel_1994_12_75_0_4,75,1994,"dubuque, ia",coal,ton,92326.0,22.282,45.566,45.63,2.045
286,f1_fuel_1994_12_75_0_6,75,1994,"dubuque, ia",gas,mcf,20995.0,1.0,3.012,3.012,3.012
287,f1_fuel_1994_12_75_0_7,75,1994,"lansing,ia",coal,ton,589607.0,17.272,41.139,40.157,2.382
288,f1_fuel_1994_12_75_0_10,75,1994,"fox lake, mn",coal,ton,14942.0,22.186,34.708,34.332,1.564
289,f1_fuel_1994_12_75_0_12,75,1994,"fox lake, mn",gas,mcf,2698763.0,1.0,2.08,2.08,2.08
290,f1_fuel_1994_12_75_0_13,75,1994,"neal, ia",coal,ton,633101.0,16.882,12.689,12.59,0.752
291,f1_fuel_1994_12_75_1_1,75,1994,"louisa, ia",coal,ton,107050.0,16.448,17.678,17.982,1.075
292,f1_fuel_1994_12_75_1_2,75,1994,"louisa, ia",oil,bbl,11.0,5.8126739999999995,40.361,0.0,6.943
293,f1_fuel_1994_12_75_1_3,75,1994,"louisa, ia",gas,mcf,6651.0,1.02,2.724,2.724,2.671
294,f1_fuel_1994_12_77_2_11,77,1994,oyster creek,nuclear,kgU,578.0,0.067426,44009.19,0.0,0.65
295,f1_fuel_1994_12_77_2_14,77,1994,tmi unit #1,nuclear,kgU,290.0,0.061894,33204.94,0.0,0.54
296,f1_fuel_1994_12_79_0_1,79,1994,montrose,coal,ton,1683169.0,16.604,15.905,15.847,0.958
297,f1_fuel_1994_12_79_0_4,79,1994,hawthorn,coal,ton,1356079.0,17.658,16.519,16.419,0.936
298,f1_fuel_1994_12_79_0_5,79,1994,hawthorn,gas,mcf,374434.0,1.0,2.224,2.262,2.224
299,f1_fuel_1994_12_79_0_10,79,1994,la cygne,coal,ton,2552059.0,17.122,14.595,14.539,0.852
300,f1_fuel_1994_12_79_1_10,79,1994,iatan,coal,ton,1892795.0,17.424,14.512,14.204,0.833
301,f1_fuel_1994_12_80_0_1,80,1994,murray gill,gas,mcf,4087772.0,0.969,2.132,2.132,2.199
302,f1_fuel_1994_12_80_0_4,80,1994,gordon evans,gas,mcf,7719274.0,0.9600000000000001,1.784,1.784,1.858
303,f1_fuel_1994_12_80_0_10,80,1994,lacygne #1,coal,ton,1178770.0,17.41,13.58,14.11,0.78
304,f1_fuel_1994_12_80_0_13,80,1994,lacygne #2,coal,ton,1461860.0,16.88,12.82,12.3,0.761
305,f1_fuel_1994_12_80_1_4,80,1994,jeffrey,coal,ton,1427143.0,16.462,18.42,18.55,1.119
306,f1_fuel_1994_12_191_1_7,191,1994,jeffrey,coal,ton,4566782.0,16.462,18.42,18.55,1.119
307,f1_fuel_1994_12_85_0_1,85,1994,glenwood,gas,mcf,6232249.0,1.013,2.46,2.46,2.46
308,f1_fuel_1994_12_85_1_9,85,1994,southamptn,oil,bbl,2206.0,5.835396,29.73,28.05,5.19
309,f1_fuel_1994_12_85_1_12,85,1994,southold,oil,bbl,709.0,5.825022000000001,28.21,28.36,5.19
310,f1_fuel_1994_12_85_1_15,85,1994,west babylon,oil,bbl,3586.0,5.821704,29.55,30.09,5.12
311,f1_fuel_1994_12_85_2_9,85,1994,port jeff,oil,bbl,873.0,5.80377,28.94,23.8,8.42
312,f1_fuel_1994_12_85_2_15,85,1994,northport,oil,bbl,969.0,5.878236,27.81,31.21,8.84
313,f1_fuel_1994_12_85_3_9,85,1994,glenwood,oil,bbl,11193.0,5.809482,32.83,29.15,5.66
314,f1_fuel_1994_12_85_3_15,85,1994,shoreham,oil,bbl,2236.0,5.904486,34.58,33.88,6.05
315,f1_fuel_1994_12_85_4_9,85,1994,holtsville,oil,bbl,136863.0,5.827038,30.61,31.35,5.26
316,f1_fuel_1994_12_85_4_12,85,1994,nine mile point 2,nuclear,mmbtu,16614614.0,0.011008,0.484,0.0,0.484
317,f1_fuel_1994_12_96_0_1,96,1994,portland,coal,ton,634687.0,25.91,43.363,38.937,1.636
318,f1_fuel_1994_12_96_0_4,96,1994,titus,coal,ton,466457.0,25.428,44.232,40.36,1.714
319,f1_fuel_1994_12_96_0_7,96,1994,conemaugh,coal,ton,685914.0,24.875999999999998,31.439,30.125,1.246
320,f1_fuel_1994_12_96_0_8,96,1994,conemaugh,gas,mcf,72582.0,1.036,2.905,2.905,2.804
321,f1_fuel_1994_12_96_0_13,96,1994,three mile isld #1,nuclear,kgU,580.0,0.061891,34571.0,0.0,0.559
322,f1_fuel_1994_12_96_1_1,96,1994,titus,oil,bbl,2265.0,5.825526,32.763,25.215,5.624
323,f1_fuel_1994_12_96_1_3,96,1994,titus,gas,mcf,42883.0,1.031976,3.359,3.348,3.255
324,f1_fuel_1994_12_96_1_6,96,1994,hunterstown,gas,mcf,197028.0,1.035571,3.05,3.078,2.945
325,f1_fuel_1994_12_96_2_3,96,1994,mountain,gas,mcf,99640.0,1.037835,3.336,3.319,3.214
326,f1_fuel_1994_12_96_2_9,96,1994,portland,gas,mcf,148480.0,0.934811,2.961,3.342,3.168
327,f1_fuel_1994_12_97_0_1,97,1994,council bluffs #3,coal,ton,1144823.0,16.398,13.587,13.103,0.829
328,f1_fuel_1994_12_97_0_4,97,1994,neal #3,coal,ton,723790.0,16.988,13.844,13.156,0.847
329,f1_fuel_1994_12_97_0_5,97,1994,neal #3,gas,mcf,27406.0,0.98504,3.578,3.578,3.632
330,f1_fuel_1994_12_97_0_8,97,1994,river hill,gas,mcf,228281.0,1.00919,2.542,2.542,2.519
331,f1_fuel_1994_12_97_0_9,97,1994,river hill,oil,bbl,914.0,5.711790000000001,29.022,22.741,5.081
332,f1_fuel_1994_12_97_0_11,97,1994,sycamore,gas,mcf,297987.0,1.013605,2.379,2.379,2.347
333,f1_fuel_1994_12_97_0_13,97,1994,ottumwa,coal,ton,809458.0,16.664,17.158,16.219,1.03
334,f1_fuel_1994_12_97_1_1,97,1994,council bluffs #1,coal,ton,171563.0,16.414,13.779,13.103,0.839
335,f1_fuel_1994_12_97_1_2,97,1994,council bluffs #1,gas,mcf,18050.0,1.002271,3.309,3.309,3.302
336,f1_fuel_1994_12_97_1_4,97,1994,council bluffs #2,coal,ton,213750.0,16.424,12.869,13.103,0.784
337,f1_fuel_1994_12_97_1_5,97,1994,council bluffs #2,gas,mcf,26361.0,0.999507,3.441,3.441,3.442
338,f1_fuel_1994_12_97_1_7,97,1994,neal #1,coal,ton,483476.0,17.75,16.74,16.438,0.975
339,f1_fuel_1994_12_97_1_8,97,1994,neal #1,gas,mcf,105535.0,0.988667,4.186,4.186,4.234
340,f1_fuel_1994_12_97_1_10,97,1994,neal #4,coal,ton,1031405.0,16.906000000000002,14.005,13.364,0.842
341,f1_fuel_1994_12_97_1_13,97,1994,neal #2,coal,ton,667460.0,19.066,20.186,19.291,1.1
342,f1_fuel_1994_12_97_1_14,97,1994,neal #2,gas,mcf,104893.0,0.989008,5.444,5.444,5.505
343,f1_fuel_1994_12_97_2_2,97,1994,merl parr,gas,mcf,19710.0,1.030391,3.316,3.316,3.218
344,f1_fuel_1994_12_97_2_7,97,1994,louisa,coal,ton,704453.0,16.452,20.177,19.622,1.237
345,f1_fuel_1994_12_97_2_8,97,1994,louisa,gas,mcf,64830.0,1.021024,2.784,2.784,2.727
346,f1_fuel_1994_12_97_2_9,97,1994,louisa,oil,bbl,117.0,5.772228,42.657,0.0,7.39
347,f1_fuel_1994_12_97_2_14,97,1994,electrifarm,gas,mcf,404951.0,1.037316,2.274,2.274,2.192
348,f1_fuel_1994_12_98_0_1,98,1994,boswell,coal,ton,3240762.0,17.828,18.93,18.85,1.06
349,f1_fuel_1994_12_98_0_4,98,1994,laskin,coal,ton,147382.0,17.826,19.33,20.95,1.08
350,f1_fuel_1994_12_99_0_1,99,1994,eaton,unknown,bbl,75.0,0.139136,0.53,0.0,3.83
351,f1_fuel_1994_12_99_0_2,99,1994,eaton,gas,mcf,169957.0,1.021988,2.38,0.0,2.33
352,f1_fuel_1994_12_99_0_5,99,1994,sweatt,gas,mcf,264594.0,1.019581,2.47,0.0,2.42
353,f1_fuel_1994_12_99_0_8,99,1994,sweatt a,gas,mcf,37048.0,1.019353,3.65,0.0,3.58
354,f1_fuel_1994_12_99_0_10,99,1994,watson,gas,mcf,2424498.0,1.056391,2.11,0.0,2.0
355,f1_fuel_1994_12_99_0_11,99,1994,watson,coal,ton,1060738.0,24.971997,34.84,0.0,1.4
356,f1_fuel_1994_12_99_0_13,99,1994,watson a,gas,mcf,52926.0,1.059593,2.27,0.0,2.14
357,f1_fuel_1994_12_99_1_1,99,1994,daniel,unknown,bbl,4442.0,0.138452,0.51,0.0,3.7
358,f1_fuel_1994_12_99_1_2,99,1994,daniel,coal,ton,1064646.0,21.924844,35.7,0.0,2.01
359,f1_fuel_1994_12_99_1_4,99,1994,greene co.,unknown,bbl,2473.0,0.138032,0.53,0.0,3.87
360,f1_fuel_1994_12_99_1_5,99,1994,greene co.,coal,ton,544421.0,24.218456,34.18,0.0,1.41
361,f1_fuel_1994_12_36_0_7,36,1994,bowline(e),gas,mcf,13169845.0,1.034,239.08,0.0,2.312
362,f1_fuel_1994_12_36_0_13,36,1994,astoria,gas,mcf,29215570.0,1.035,264.12,0.0,2.5513
363,f1_fuel_1994_12_36_1_1,36,1994,roseton (f),gas,mcf,4785708.0,1.016,235.91,0.0,2.3221000000000003
364,f1_fuel_1994_12_36_1_4,36,1994,arthur kill,gas,mcf,7997665.0,1.031,268.79,0.0,2.6061
365,f1_fuel_1994_12_36_1_10,36,1994,ravenswood,gas,mcf,25038832.0,1.036,257.14,0.0,2.4817
366,f1_fuel_1994_12_27_0_1,27,1994,miami fort 5 & 6,coal,ton,330930.0,24.082,34.98,33.31,1.509
367,f1_fuel_1994_12_27_0_4,27,1994,w. c. beckjord 1 - 5,coal,ton,872064.0,23.654,39.5,37.1,1.685
368,f1_fuel_1994_12_27_0_7,27,1994,wcb #6,coal,ton,786202.0,23.45,38.52,36.98,1.649
369,f1_fuel_1994_12_27_0_10,27,1994,w.c. beckjord #6-cge,coal,ton,331752.0,23.456,38.55,37.08,1.649
370,f1_fuel_1994_12_27_1_1,27,1994,j. m. stuart total,coal,ton,6360780.0,22.802,32.77,31.9,1.441
371,f1_fuel_1994_12_27_1_4,27,1994,j.m. stuart cge shar,coal,ton,2490058.0,22.802,32.75,31.89,1.44
372,f1_fuel_1994_12_27_1_7,27,1994,conesville,coal,ton,1286085.0,24.006,45.12,43.23,1.883
373,f1_fuel_1994_12_27_1_10,27,1994,conesville #4 cge,coal,ton,480247.0,24.028000000000002,46.08,44.52,1.921
374,f1_fuel_1994_12_27_2_1,27,1994,miami fort 7&8 total,coal,ton,2357727.0,24.216,37.41,35.64,1.549
375,f1_fuel_1994_12_27_2_4,27,1994,miami fort 7&8 - cge,coal,ton,1516843.0,24.233999999999998,37.52,35.77,1.553
376,f1_fuel_1994_12_27_2_7,27,1994,east bend,coal,ton,1487708.0,24.194,34.9,34.82,1.447
377,f1_fuel_1994_12_27_2_10,27,1994,east bend #2 cge,coal,ton,1083513.0,24.195999999999998,34.88,33.22,1.4464
378,f1_fuel_1994_12_27_2_14,27,1994,woodsdale,gas,mcf,1386868.0,1.026,3.3,3.3,3.443
379,f1_fuel_1994_12_27_3_1,27,1994,killen #2 total,coal,ton,1255820.0,24.548000000000002,36.33,36.73,1.509
380,f1_fuel_1994_12_27_3_4,27,1994,killen #2 cge share,coal,ton,430663.0,24.556,36.35,36.7,1.51
381,f1_fuel_1994_12_27_4_1,27,1994,zimmer #1 total,coal,ton,35063261.0,24.084,25.39,27.71,1.063
382,f1_fuel_1994_12_27_4_4,27,1994,zimmer #1 cge share,coal,ton,1641744.0,24.084,25.39,24.47,1.064
383,f1_fuel_1994_12_30_0_2,30,1994,ashtabula,coal,ton,843174.0,24.84,35.3,35.32,1.421
384,f1_fuel_1994_12_30_0_5,30,1994,avon lake,coal,ton,1319994.0,25.296,35.14,35.34,1.3893000000000002
385,f1_fuel_1994_12_30_0_11,30,1994,bruce mansfield,coal,ton,1191286.0,24.07,39.95,40.22,1.6596000000000002
386,f1_fuel_1994_12_30_1_8,30,1994,eastlake,coal,ton,1885806.0,25.712,39.71,33.22,1.5444
387,f1_fuel_1994_12_30_1_11,30,1994,lake shore,coal,ton,110612.0,26.916,44.24,49.86,1.6435
388,f1_fuel_1994_12_52_0_2,52,1994,independence,coal,ton,749391.0,17.21,29.284,29.284,1.702
389,f1_fuel_1994_12_52_0_3,52,1994,independence,oil,bbl,12327.0,5.784198,30.721,30.721,5.311
390,f1_fuel_1994_12_52_0_5,52,1994,robert ritchie,gas,mcf,4849531.0,1.001367,1.694,1.694,1.692
391,f1_fuel_1994_12_127_1_13,127,1994,sporn total plant,coal,ton,1338459.0,24.334000000000003,40.14,35.79,1.65
392,f1_fuel_1994_12_127_1_14,127,1994,sporn total plant,oil,bbl,48750.0,5.742827999999999,32.18,30.51,5.604
393,f1_fuel_1994_12_135_0_1,135,1994,eddystone,coal,ton,1151559.0,26.14,42.19,39.61,1.61
394,f1_fuel_1994_12_135_0_2,135,1994,eddystone,gas,mcf,6027964.0,1.031,2.28,2.28,2.21
395,f1_fuel_1994_12_135_0_4,135,1994,cromby,coal,ton,248618.0,26.0,39.1,38.73,1.5
396,f1_fuel_1994_12_135_0_5,135,1994,cromby,gas,mcf,6388459.0,1.031,2.39,2.39,2.32
397,f1_fuel_1994_12_135_0_13,135,1994,keystone,coal,ton,976427.0,24.604,36.05,35.07,1.45
398,f1_fuel_1994_12_135_1_1,135,1994,conemaugh (g),coal,ton,863962.0,24.878,30.12,30.13,1.21
399,f1_fuel_1994_12_135_1_2,135,1994,conemaugh (g),gas,mcf,277277.0,1.03,3.29,3.29,3.19
400,f1_fuel_1994_12_69_0_2,69,1994,daec - 70%,nuclear,gramsU,400262.0,7.8e-05,52.15,0.0,0.67
401,f1_fuel_1994_12_69_0_5,69,1994,daec - 100%,nuclear,gramsU,571804.0,7.8e-05,50.54,0.0,0.66
402,f1_fuel_1994_12_69_0_9,69,1994,"prcr 1,2,3",gas,mcf,17253.0,1.018,3.23,3.23,3.29
403,f1_fuel_1994_12_69_0_10,69,1994,prairie creek #4,coal,ton,564810.0,17.285999999999998,18.53,19.27,1.07
404,f1_fuel_1994_12_69_1_1,69,1994,sixth street,coal,ton,125934.0,21.49,31.94,37.76,1.49
405,f1_fuel_1994_12_69_1_3,69,1994,sixth street,gas,mcf,177254.0,1.021,3.25,3.25,3.32
406,f1_fuel_1994_12_69_1_4,69,1994,sixth street cont.,coal,ton,15393.0,21.462,32.52,20.03,1.51
407,f1_fuel_1994_12_69_1_7,69,1994,sutherland,coal,ton,480879.0,19.376,16.97,13.11,0.88
408,f1_fuel_1994_12_69_1_9,69,1994,sutherland,gas,mcf,543952.0,1.013,2.47,2.47,2.53
409,f1_fuel_1994_12_69_1_13,69,1994,ottumwa,coal,ton,1331036.0,16.666,15.83,15.93,0.95
410,f1_fuel_1994_12_69_2_1,69,1994,george neal #3,coal,ton,460584.0,16.965999999999998,13.45,12.31,0.79
411,f1_fuel_1994_12_69_2_3,69,1994,george neal #3,gas,mcf,17581.0,1.0,3.62,3.62,3.62
412,f1_fuel_1994_12_69_2_6,69,1994,grinnell,gas,mcf,8813.0,1.014,2.47,2.47,2.5
413,f1_fuel_1994_12_69_2_7,69,1994,burlington,coal,ton,570509.0,17.31,16.8,15.56,0.97
414,f1_fuel_1994_12_87_0_2,87,1994,little gypsy,gas,mcf,31770155.0,1.035648,2.311,2.311,2.231
415,f1_fuel_1994_12_87_0_5,87,1994,ninemile point,gas,mcf,52128882.0,1.046509,2.282,2.282,2.181
416,f1_fuel_1994_12_87_0_8,87,1994,sterlingtn,gas,mcf,3509932.0,1.060335,2.004,2.004,1.89
417,f1_fuel_1994_12_87_0_9,87,1994,sterlingtn,oil,bbl,8149.0,5.772228,154.648,154.648,26.792
418,f1_fuel_1994_12_87_0_11,87,1994,waterford 1&2,gas,mcf,24309127.0,1.034127,2.459,2.459,2.378
419,f1_fuel_1994_12_87_0_12,87,1994,waterford 1&2,oil,bbl,102545.0,6.37749,56.644,56.644,8.882
420,f1_fuel_1994_12_87_1_11,87,1994,waterford 3,nuclear,mwhth,25301124.0,3.4126,1.644,0.0,0.482
421,f1_fuel_1994_12_87_2_11,87,1994,buras,gas,mcf,1661.0,1.084889,7.202,7.202,6.638
422,f1_fuel_1994_12_87_2_12,87,1994,buras,oil,bbl,2754.0,5.78466,61.546,61.546,10.64
423,f1_fuel_1994_12_88_0_2,88,1994,mill creek,coal,ton,3209977.0,23.114,27.224,26.083,1.172
424,f1_fuel_1994_12_88_0_5,88,1994,cane run,coal,ton,1129768.0,23.072,27.704,26.913,1.195
425,f1_fuel_1994_12_88_0_8,88,1994,trimble co,coal,ton,1060013.0,22.748,23.396,22.255,1.027
426,f1_fuel_1994_12_88_0_10,88,1994,cane run,gas,mcf,12604.0,1.025,0.027,0.027,2.605
427,f1_fuel_1994_12_88_0_14,88,1994,paddy's run,gas,mcf,16533.0,1.025,2.505,2.505,2.444
428,f1_fuel_1994_12_88_1_5,88,1994,waterside,gas,mcf,14928.0,1.025,2.681,2.681,2.616
429,f1_fuel_1994_12_191_1_10,191,1994,jeffrey,coal,ton,7408150.0,16.462,18.28,18.42,1.111
430,f1_fuel_1994_12_121_0_7,121,1994,bay front,coal,ton,34590.0,13.482,23.559,18.67,1.747
431,f1_fuel_1994_12_121_0_8,121,1994,bay front,gas,mcf,679530.0,1.012026,2.48,2.48,2.447
432,f1_fuel_1994_12_121_0_9,121,1994,bay front,waste,ton,207242.0,0.207242,9.325,8.213,0.877
433,f1_fuel_1994_12_121_0_10,121,1994,flambeau station,gas,mcf,89929.0,1.01925,2.446,2.446,2.4
434,f1_fuel_1994_12_121_0_13,121,1994,french island,waste,ton,120136.0,0.003033,6.682,3.23,1.102
435,f1_fuel_1994_12_121_0_14,121,1994,french island,waste,ton,51728.0,0.005846,-35.1,-35.38,-3.003
436,f1_fuel_1994_12_121_0_15,121,1994,french island,gas,mcf,783.0,1.010603,5.047,5.036,4.994
437,f1_fuel_1994_12_122_0_2,122,1994,big stone (1),coal,ton,531226.0,12.097999999999999,13.28,13.13,1.1
438,f1_fuel_1994_12_122_0_4,122,1994,coyote (1),coal,ton,213552.0,13.844000000000001,11.26,10.99,0.86
439,f1_fuel_1994_12_122_0_7,122,1994,neal #4,coal,ton,248983.0,16.9,12.5,11.95,0.74
440,f1_fuel_1994_12_102_0_4,102,1994,j. e. corette,gas,mcf,511460.0,1.13,1.183,1.183,1.149
441,f1_fuel_1994_12_102_0_5,102,1994,j. e. corette,coal,ton,702946.0,18.131999999999998,12.342,12.342,0.681
442,f1_fuel_1994_12_102_0_13,102,1994,colstrip 3&4,oil,bbl,5671.0,5.922,27.998,27.998,8.34
443,f1_fuel_1994_12_102_0_14,102,1994,colstrip 3&4,coal,ton,2057155.0,17.028000000000002,12.507,12.507,0.734
444,f1_fuel_1994_12_102_1_5,102,1994,colstrip 1&2,coal,ton,1349120.0,17.2,9.702,9.702,0.564
445,f1_fuel_1994_12_122_0_10,122,1994,"huron, gt",gas,mmbtu,10456.0,1.0,2.15,2.15,2.15
446,f1_fuel_1994_12_122_0_13,122,1994,yankton new,gas,mmbtu,3100.0,1.0,3.13,3.13,3.13
447,f1_fuel_1994_12_122_1_10,122,1994,huron ct,gas,mmbtu,42077.0,1.0,2.16,2.16,2.16
448,f1_fuel_1994_12_193_0_2,193,1994,valley - unit 1,coal,ton,192460.0,25.944,43.963,43.963,1.6946
449,f1_fuel_1994_12_193_0_3,193,1994,valley - unit 1,gas,mcf,62138.0,1.01,321.336,321.336,2.4771
450,f1_fuel_1994_12_193_0_5,193,1994,valley - unit 2,coal,ton,233652.0,25.962,44.315,44.315,1.70687
451,f1_fuel_1994_12_193_0_6,193,1994,valley - unit 2,gas,mcf,26232.0,1.01,309.851,309.851,2.6830399999999996
452,f1_fuel_1994_12_193_0_8,193,1994,valley-tot,coal,ton,426112.0,25.954,44.156,44.156,1.8460900000000002
453,f1_fuel_1994_12_193_0_9,193,1994,valley-tot,gas,mcf,88370.0,1.01,289.429,289.429,2.53336
454,f1_fuel_1994_12_193_0_12,193,1994,pt. wash.-unit 1,coal,ton,54199.0,25.308,38.231,38.231,1.51062
455,f1_fuel_1994_12_193_0_15,193,1994,pt. wash-unit 2,coal,ton,81288.0,25.503999999999998,38.236,38.236,1.4991800000000002
456,f1_fuel_1994_12_193_1_3,193,1994,pt. wash-unit 3,coal,ton,83792.0,25.804000000000002,38.228,38.228,1.48148
457,f1_fuel_1994_12_193_1_6,193,1994,pt. wash-unit 4,coal,ton,29323.0,25.902,38.249,38.249,1.47664
458,f1_fuel_1994_12_193_1_11,193,1994,pt. wash-total,gas,mcf,71203.0,1.01,275.188,275.188,2.7328699999999997
459,f1_fuel_1994_12_193_1_12,193,1994,pt. wash-total,coal,ton,248602.0,25.61,38.233,38.233,1.49295
460,f1_fuel_1994_12_193_1_15,193,1994,presque isle-unit 1,coal,ton,1586.0,24.972,42.988,42.988,1.72143
461,f1_fuel_1994_12_193_2_3,193,1994,presque isle-unit 2,coal,ton,5363.0,24.882,40.766,40.766,1.6383400000000001
462,f1_fuel_1994_12_193_2_6,193,1994,presque isle-unit 3,coal,ton,131791.0,25.032,38.804,38.804,1.5502000000000002
463,f1_fuel_1994_12_193_2_9,193,1994,pi-unit 4,coal,ton,127874.0,25.058,38.956,38.956,1.55471
464,f1_fuel_1994_12_193_2_12,193,1994,presque isle-unit 5,coal,ton,209389.0,25.016000000000002,38.425,38.425,1.5360900000000002
465,f1_fuel_1994_12_193_2_15,193,1994,presque isle-unit 6,coal,ton,220399.0,25.062,38.321,38.321,1.52904
466,f1_fuel_1994_12_193_3_3,193,1994,presque isle-unit 7,coal,ton,286088.0,17.988,34.467,34.467,1.91612
467,f1_fuel_1994_12_193_3_6,193,1994,presque isle-unit 8,coal,ton,328765.0,18.002,32.66,32.66,1.81417
468,f1_fuel_1994_12_193_3_9,193,1994,pi-unit 9,coal,ton,317965.0,18.002,34.5,34.5,1.91635
469,f1_fuel_1994_12_193_3_12,193,1994,presque isle-total,coal,ton,1629220.0,21.008,35.871,35.871,1.70749
470,f1_fuel_1994_12_193_3_14,193,1994,so. oak creek-unit 5,gas,mcf,103372.0,1.01,295.31,295.31,2.62632
471,f1_fuel_1994_12_193_3_15,193,1994,so. oak creek-unit 5,coal,ton,505182.0,24.634,38.689,38.689,1.5705000000000002
472,f1_fuel_1994_12_193_4_2,193,1994,so. oak creek-unit 6,gas,mcf,66372.0,1.01,350.981,350.981,2.5051900000000002
473,f1_fuel_1994_12_193_4_3,193,1994,so. oak creek-unit 6,coal,ton,452777.0,24.306,38.806,38.806,1.5965600000000002
474,f1_fuel_1994_12_193_4_5,193,1994,so. oak creek-unit 7,gas,mcf,37646.0,1.01,293.776,293.776,2.7234800000000003
475,f1_fuel_1994_12_193_4_6,193,1994,so. oak creek-unit 7,coal,ton,506278.0,24.186,37.323,37.323,1.5431899999999998
476,f1_fuel_1994_12_193_4_9,193,1994,soc-unit 8,coal,ton,595551.0,24.672,38.735,38.735,1.56997
477,f1_fuel_1994_12_193_4_11,193,1994,so. oak creek-total,gas,mcf,207390.0,1.01,270.683,270.683,2.56339
478,f1_fuel_1994_12_193_4_12,193,1994,so. oak creek-total,coal,ton,2059788.0,24.476000000000003,38.392,38.392,1.56856
479,f1_fuel_1994_12_193_5_8,193,1994,pp-unit 1,gas,mcf,79478.0,1.01,433.59,433.59,2.6382600000000003
480,f1_fuel_1994_12_193_5_9,193,1994,pp-unit 1,coal,ton,2526654.0,16.93,14.97,14.97,0.88417
481,f1_fuel_1994_12_193_5_11,193,1994,plepl prairie-unit 2,gas,mcf,74932.0,1.01,466.628,466.628,2.5130600000000003
482,f1_fuel_1994_12_193_5_12,193,1994,plepl prairie-unit 2,coal,ton,2538331.0,16.875999999999998,12.174,13.174,0.78064
483,f1_fuel_1994_12_193_5_14,193,1994,pl prairie-total,gas,mcf,154410.0,1.01,390.187,390.187,2.58484
484,f1_fuel_1994_12_193_5_15,193,1994,pl prairie-total,coal,ton,5064985.0,16.904,14.07,14.07,0.83238
485,f1_fuel_1994_12_193_7_7,193,1994,oc-1 unit,gas,mcf,4579.0,1.01,1290.325,1290.325,3.4610700000000003
486,f1_fuel_1994_12_193_7_10,193,1994,edgewater-1 unit,coal,ton,339251.0,17.226000000000003,21.715,21.715,1.2606600000000001
487,f1_fuel_1994_12_193_7_13,193,1994,concord-unit 1,gas,mcf,179852.0,1.01,311.161,311.161,2.58176
488,f1_fuel_1994_12_193_7_15,193,1994,concord-unit 1,oil,bbl,993.0,6.04737,3136.455,3136.455,5.433529999999999
489,f1_fuel_1994_12_193_8_1,193,1994,concord-unit 2,gas,mcf,190138.0,1.01,306.403,306.403,2.5657400000000004
490,f1_fuel_1994_12_193_8_4,193,1994,concord-unit 3,gas,mcf,3581.0,1.01,529.827,529.827,2.39274
491,f1_fuel_1994_12_193_8_7,193,1994,cc-unit 4,gas,mcf,6111.0,1.01,223.172,223.172,2.4213
492,f1_fuel_1994_12_193_8_10,193,1994,concord-total,gas,mcf,379682.0,1.01,578.324,578.324,1.29501
493,f1_fuel_1994_12_194_0_1,194,1994,blackhawk unit 3,gas,mcf,34140.0,1.008681,3.56,3.33,3.528
494,f1_fuel_1994_12_194_0_4,194,1994,blackhawk unit 4,gas,mcf,34450.0,1.007122,3.56,3.33,3.534
495,f1_fuel_1994_12_194_0_7,194,1994,blackhawk,gas,mcf,68590.0,1.007898,3.56,3.33,3.531
496,f1_fuel_1994_12_194_0_10,194,1994,columbia i,coal,ton,1604235.0,17.194000000000003,22.94,20.87,1.334
497,f1_fuel_1994_12_194_0_13,194,1994,columbia ii,coal,ton,1950629.0,17.06,18.47,20.87,1.083
498,f1_fuel_1994_12_194_1_7,194,1994,columbia,coal,ton,3554864.0,17.12,20.48,20.87,1.219
499,f1_fuel_1994_12_194_1_10,194,1994,columbiai wpl only,coal,ton,751747.0,17.201999999999998,23.43,20.87,1.362
500,f1_fuel_1994_12_194_1_13,194,1994,columbiaiiwpl only,coal,ton,874571.0,17.068,18.28,20.87,1.071
501,f1_fuel_1994_12_194_2_7,194,1994,columbiaec,coal,ton,1626318.0,17.13,20.66,20.87,1.206
502,f1_fuel_1994_12_194_2_10,194,1994,edgewater unit 3,coal,ton,151845.0,20.227999999999998,35.87,33.52,1.773
503,f1_fuel_1994_12_194_2_12,194,1994,edgewater unit 3,waste,ton,857.0,0.0135,19.99,19.99,0.74
504,f1_fuel_1994_12_194_2_13,194,1994,edgewater unit 4,coal,ton,944382.0,20.264,35.51,33.52,1.752
505,f1_fuel_1994_12_194_2_15,194,1994,edgewater unit 4,waste,ton,4463.0,0.0135,19.99,19.99,0.74
506,f1_fuel_1994_12_194_3_7,194,1994,edgewater,coal,ton,615919.0,20.258000000000003,34.29,33.52,1.693
507,f1_fuel_1994_12_194_3_9,194,1994,edgewater,waste,ton,3080.0,0.0135,19.99,19.99,0.74
508,f1_fuel_1994_12_194_3_10,194,1994,edgewater unit 5,coal,ton,1441583.0,17.233999999999998,21.77,20.05,1.263
509,f1_fuel_1994_12_194_3_13,194,1994,edgewater unit 5,coal,ton,1104303.0,17.233999999999998,21.74,20.05,1.262
510,f1_fuel_1994_12_194_4_7,194,1994,nd unit1,coal,ton,307858.0,19.662,25.53,24.51,1.299
511,f1_fuel_1994_12_194_4_9,194,1994,nd unit1,waste,ton,3519.0,0.013429,3.56,3.66,0.132
512,f1_fuel_1994_12_194_4_10,194,1994,nelson dewey unit 2,coal,ton,301053.0,18.686,25.53,24.51,1.366
513,f1_fuel_1994_12_194_4_12,194,1994,nelson dewey unit 2,waste,ton,3766.0,0.013429,3.55,3.66,0.132
514,f1_fuel_1994_12_194_4_13,194,1994,nelsondewey units1&2,coal,ton,608911.0,19.168,25.53,24.51,1.331
515,f1_fuel_1994_12_194_4_15,194,1994,nelsondewey units1&2,waste,ton,7285.0,0.013429,3.55,3.66,0.132
516,f1_fuel_1994_12_194_5_7,194,1994,rock river,coal,ton,150153.0,21.094,47.04,43.87,2.23
517,f1_fuel_1994_12_194_5_9,194,1994,rock river,waste,ton,4650.0,0.01437,-57.45,-58.8,-2.0
518,f1_fuel_1994_12_194_5_10,194,1994,rock river unit 2,coal,ton,149441.0,21.184,47.04,43.87,2.221
519,f1_fuel_1994_12_194_5_12,194,1994,rock river unit 2,waste,ton,4231.0,0.014668,-57.49,-58.8,-1.959
520,f1_fuel_1994_12_194_5_13,194,1994,rock river units 1&2,coal,ton,299594.0,21.138,47.04,43.87,2.225
521,f1_fuel_1994_12_194_5_15,194,1994,rock river units 1&2,waste,ton,8881.0,0.014512,-57.47,-58.8,-1.98
522,f1_fuel_1994_12_194_6_7,194,1994,rock river,gas,mcf,7647.0,1.008869,3.52,3.33,3.486
523,f1_fuel_1994_12_194_6_10,194,1994,rock river unit 4,gas,mcf,3907.0,1.008255,4.92,3.33,4.881
524,f1_fuel_1994_12_194_6_13,194,1994,rock river unit 5,gas,mcf,64306.0,1.008723,3.16,3.33,3.131
525,f1_fuel_1994_12_194_7_7,194,1994,rock river,gas,mcf,78003.0,1.007594,3.15,3.33,3.124
526,f1_fuel_1994_12_194_7_10,194,1994,rock river units 5&6,gas,mcf,142309.0,1.008104,3.15,3.33,3.127
527,f1_fuel_1994_12_194_7_13,194,1994,sheepskin,gas,mcf,75771.0,1.009734,3.04,3.33,3.014
528,f1_fuel_1994_12_194_8_7,194,1994,sfdl unit2,gas,mcf,20515.0,1.015225,3.59,3.33,3.537
529,f1_fuel_1994_12_194_8_10,194,1994,sfdl unit3,gas,mcf,29926.0,1.015885,3.93,3.33,3.871
530,f1_fuel_1994_12_194_8_13,194,1994,sfdl units 2&3,gas,mcf,50441.0,1.015617,3.79,3.33,3.735
531,f1_fuel_1994_12_194_9_7,194,1994,kewaunee,nuclear,mwdth,213152.0,81.954941,39.1,40.27,0.477
532,f1_fuel_1994_12_125_0_1,125,1994,ocean state power ii,gas,mcf,17320057.0,1.024,2.81,2.81,2.74
533,f1_fuel_1994_12_126_0_1,126,1994,r.e.burger,coal,ton,1110650.0,21.034,25.653,25.463,1.057
534,f1_fuel_1994_12_126_0_7,126,1994,niles,coal,ton,527980.0,23.784,28.029,28.114,1.178
535,f1_fuel_1994_12_126_0_10,126,1994,w.h.sammis,coal,ton,4935660.0,20.88,31.361,31.166,1.292
536,f1_fuel_1994_12_126_0_13,126,1994,b.mansfield,coal,ton,2282161.0,24.062,40.699,41.019,1.692
537,f1_fuel_1994_12_135_1_4,135,1994,p bottom- peco share,nuclear,gramsU,1155579.0,6.5e-05,36.78,0.0,0.57
538,f1_fuel_1994_12_135_1_7,135,1994,salem (i),nuclear,gramsU,798998.0,6.7e-05,41.517,0.0,0.626
539,f1_fuel_1994_12_135_1_10,135,1994,limerick (j),nuclear,gramsU,2735798.0,6.5e-05,21.7,0.0,0.34
540,f1_fuel_1994_12_128_0_1,128,1994,kyger creek,coal,ton,3270822.0,24.404,36.86,29.13,1.511
541,f1_fuel_1994_12_129_0_1,129,1994,n. anna,nuclear,gramsU,1145142.0,0.121521,50.79,23.23,0.0
542,f1_fuel_1994_12_130_0_1,130,1994,woodward,gas,mcf,2688.0,1.037,4.093,0.0,3.947
543,f1_fuel_1994_12_130_0_4,130,1994,horseshoe lake,gas,mcf,12223200.0,1.037,3.659,0.0,3.528
544,f1_fuel_1994_12_130_0_7,130,1994,seminole,gas,mcf,29152672.0,1.037,3.591,0.0,3.463
545,f1_fuel_1994_12_130_0_10,130,1994,sooner,coal,ton,3241466.0,17.128,13.447,0.0,0.785
546,f1_fuel_1994_12_130_0_15,130,1994,enid,gas,mcf,6510.0,1.037,3.434,0.0,3.311
547,f1_fuel_1994_12_130_1_1,130,1994,muskogee,coal,ton,4849721.0,17.304,13.567,0.0,0.784
548,f1_fuel_1994_12_130_1_3,130,1994,muskogee,gas,mcf,1412133.0,1.037,3.325,0.0,3.206
549,f1_fuel_1994_12_130_1_4,130,1994,mustang,gas,mcf,6424819.0,1.037,3.718,0.0,3.585
550,f1_fuel_1994_12_130_1_9,130,1994,conoco,gas,mcf,4252251.0,1.037,4.807,0.0,4.635
551,f1_fuel_1994_12_131_0_2,131,1994,lovett,oil,bbl,12050.0,6.285552000000001,28.54,0.0,5.07
552,f1_fuel_1994_12_131_0_3,131,1994,lovett,oil,bbl,158.0,5.795958000000001,30.66,30.05,5.3
553,f1_fuel_1994_12_132_0_1,132,1994,coyote,coal,ton,746642.0,13.842,10.98,10.99,0.793
554,f1_fuel_1994_12_132_0_4,132,1994,big stone,coal,bbl,1290598.0,12.097999999999999,13.29,13.22,1.099
555,f1_fuel_1994_12_132_0_6,132,1994,big stone,unknown,ton,19361.0,0.013535,18.98,18.98,0.701
556,f1_fuel_1994_12_132_0_7,132,1994,big stone,waste,ton,3632.0,0.00699,7.22,7.22,0.516
557,f1_fuel_1994_12_132_0_10,132,1994,hoot lake,coal,ton,287636.0,18.57,22.85,22.85,1.23
558,f1_fuel_1994_12_134_0_1,134,1994,carbon plant,coal,ton,630533.0,23.898,15.423,14.002,0.645
559,f1_fuel_1994_12_134_0_5,134,1994,gadsby plant,gas,mcf,7440507.0,1.044,2.315,2.315,2.218
560,f1_fuel_1994_12_134_0_7,134,1994,naughton,coal,ton,2649148.0,19.598000000000003,22.43,22.286,1.145
561,f1_fuel_1994_12_134_0_8,134,1994,naughton,gas,mcf,116652.0,1.0330000000000001,7.602,7.602,7.36
562,f1_fuel_1994_12_134_0_10,134,1994,huntington plant,coal,ton,2818109.0,23.518,18.024,15.374,0.766
563,f1_fuel_1994_12_134_1_5,134,1994,little mountain,gas,mcf,975200.0,1.057,1.781,1.781,1.686
564,f1_fuel_1994_12_134_1_7,134,1994,centrali,coal,ton,2939389.0,16.814,22.487,22.283,1.337
565,f1_fuel_1994_12_134_1_10,134,1994,dave johnston plant,coal,ton,4379803.0,15.57,9.886,9.216,0.635
566,f1_fuel_1994_12_134_1_13,134,1994,colstrip plant,coal,ton,680555.0,17.028000000000002,13.117,12.636,0.77
567,f1_fuel_1994_12_134_2_1,134,1994,jim bridger plant,coal,ton,6006828.0,18.82,19.29,18.945,1.025
568,f1_fuel_1994_12_134_2_4,134,1994,wyodak plant,coal,ton,1564857.0,15.896,11.317,10.977,0.712
569,f1_fuel_1994_12_134_2_7,134,1994,cholla,coal,ton,1526814.0,19.990000000000002,30.404,30.237,1.521
570,f1_fuel_1994_12_134_2_10,134,1994,craig plant,coal,ton,660976.0,20.602,19.548,18.399,0.949
571,f1_fuel_1994_12_134_2_11,134,1994,craig plant,gas,mcf,16956.0,1.0430000000000001,2.057,2.057,1.972
572,f1_fuel_1994_12_134_2_13,134,1994,hayden plant,coal,ton,262344.0,21.226,20.424,20.228,0.962
573,f1_fuel_1994_12_134_2_14,134,1994,hayden plant,gas,mcf,7142.0,1.08,1.468,1.468,1.359
574,f1_fuel_1994_12_134_3_1,134,1994,hunter unit no. 1,coal,ton,1455709.0,22.57,21.133,20.353,0.936
575,f1_fuel_1994_12_134_3_4,134,1994,hunter unit no. 2,coal,ton,819796.0,22.758,21.465,20.353,0.943
576,f1_fuel_1994_12_134_3_7,134,1994,hunter #3,coal,ton,1434398.0,22.773999999999997,21.188,20.353,0.93
577,f1_fuel_1994_12_135_3_13,135,1994,p bottom 100% (u),nuclear,gramsU,2719649.0,6.5e-05,36.78,0.0,0.57
578,f1_fuel_1994_12_137_0_1,137,1994,new castle,coal,ton,589421.0,24.31,30.429,30.422,1.251
579,f1_fuel_1994_12_137_0_4,137,1994,w. h. sammis #7,coal,ton,345606.0,25.532,31.616,31.168,1.238
580,f1_fuel_1994_12_137_0_7,137,1994,bmansfield,coal,ton,258749.0,23.172,39.389,41.096,1.7
581,f1_fuel_1994_12_141_0_2,141,1994,boardman,coal,ton,2199277.0,17.616,21.57,20.35,1.224
582,f1_fuel_1994_12_141_0_8,141,1994,beaver,gas,mcf,25797050.0,1.011,1.95,1.95,1.928
583,f1_fuel_1994_12_141_0_11,141,1994,bethel,gas,mcf,178.0,1.011,5.9,5.9,5.83
584,f1_fuel_1994_12_142_0_1,142,1994,harrison,coal,ton,1426850.0,26.264,36.48,35.18,1.3891
585,f1_fuel_1994_12_142_0_4,142,1994,hatfield,coal,ton,743102.0,25.638,39.53,38.21,1.5419
586,f1_fuel_1994_12_142_0_7,142,1994,ft. martin,coal,ton,654100.0,25.198,38.04,37.15,1.51
587,f1_fuel_1994_12_142_0_10,142,1994,pleasants,coal,ton,943953.0,24.388,30.14,24.1,1.2357
588,f1_fuel_1994_12_142_0_13,142,1994,albright,coal,ton,166587.0,24.968,28.42,26.62,1.1383
589,f1_fuel_1994_12_142_1_7,142,1994,smith,coal,ton,143504.0,24.562,38.6,33.82,1.5716999999999999
590,f1_fuel_1994_12_143_0_7,143,1994,dickerson,coal,ton,1157862.0,25.395999999999997,41.042,37.818,1.616
591,f1_fuel_1994_12_143_0_8,143,1994,dickerson,oil,bbl,45992.0,5.841737999999999,30.626,25.129,5.243
592,f1_fuel_1994_12_143_0_10,143,1994,dickerson c.t.,gas,mcf,1743139.0,1.032457,2.504,2.435,2.425
593,f1_fuel_1994_12_143_0_13,143,1994,potomac river,coal,ton,854369.0,25.84,47.235,43.229,1.828
594,f1_fuel_1994_12_143_1_1,143,1994,morgantown,coal,ton,2103909.0,25.978,46.006,43.669,1.771
595,f1_fuel_1994_12_143_1_7,143,1994,chalk pt.,coal,ton,1249655.0,25.592,46.909,43.227,1.833
596,f1_fuel_1994_12_143_1_10,143,1994,chalk point,coal,ton,16900.0,25.75,47.302,43.227,1.837
597,f1_fuel_1994_12_143_1_12,143,1994,chalk point,gas,mcf,6618644.0,1.044141,2.533,2.53,2.426
598,f1_fuel_1994_12_143_1_13,143,1994,chalk point c.t.,gas,mcf,1939772.0,1.04423,2.889,2.828,2.766
599,f1_fuel_1994_12_143_2_1,143,1994,conemaugh,coal,ton,405294.0,24.875999999999998,31.612,30.126,1.271
600,f1_fuel_1994_12_143_2_2,143,1994,conemaugh,gas,mcf,42887.0,1.030048,3.286,3.286,3.19
601,f1_fuel_1994_12_145_0_1,145,1994,arapahoe,coal,ton,750050.0,22.59,24.19,24.06,1.071
602,f1_fuel_1994_12_145_0_2,145,1994,arapahoe,gas,mcf,54366.0,0.988,2.03,0.0,2.055
603,f1_fuel_1994_12_145_0_4,145,1994,valmont 5,coal,ton,548351.0,22.93,24.68,24.83,1.076
604,f1_fuel_1994_12_145_0_5,145,1994,valmont 5,gas,mcf,82410.0,0.99,1.98,0.0,2.002
605,f1_fuel_1994_12_145_0_7,145,1994,cherokee,coal,ton,2050795.0,22.682000000000002,25.13,24.9,1.108
606,f1_fuel_1994_12_145_0_8,145,1994,cherokee,gas,mcf,1269319.0,0.992,2.07,0.0,2.089
607,f1_fuel_1994_12_145_0_10,145,1994,zuni,gas,mcf,259485.0,0.988,2.128,0.0,2.153
608,f1_fuel_1994_12_145_0_13,145,1994,cameo,coal,ton,271189.0,22.706,19.9,19.53,0.876
609,f1_fuel_1994_12_145_0_14,145,1994,cameo,gas,mcf,15234.0,1.013,2.22,0.0,2.195
610,f1_fuel_1994_12_145_1_7,145,1994,comanche,coal,ton,2054893.0,17.078,17.91,17.06,1.049
611,f1_fuel_1994_12_145_1_8,145,1994,comanche,gas,mcf,80005.0,0.992,1.925,0.0,1.942
612,f1_fuel_1994_12_145_1_9,145,1994,comanche,oil,bbl,7.0,5.672016,0.688,0.0,5.095
613,f1_fuel_1994_12_145_1_10,145,1994,valmont,gas,mcf,425004.0,0.992,2.062,0.0,2.08
614,f1_fuel_1994_12_145_1_13,145,1994,fruita,gas,mcf,7821.0,1.009,1.65,0.0,1.634
615,f1_fuel_1994_12_145_1_14,145,1994,fruita,oil,bbl,2.0,5.880000000000001,0.86,0.0,6.143
616,f1_fuel_1994_12_145_2_7,145,1994,alamosa,gas,mcf,14564.0,0.969,2.94,0.0,3.035
617,f1_fuel_1994_12_145_2_8,145,1994,alamosa,oil,bbl,89.0,5.604774000000001,0.842,0.0,6.313
618,f1_fuel_1994_12_145_2_10,145,1994,ft. lupton,gas,mcf,136030.0,1.093,2.028,0.0,1.854
619,f1_fuel_1994_12_145_2_11,145,1994,ft. lupton,oil,bbl,3.0,5.659584000000001,0.801,0.0,5.947
620,f1_fuel_1994_12_145_2_13,145,1994,pawnee,coal,ton,1799006.0,16.48,16.17,16.16,0.982
621,f1_fuel_1994_12_145_2_14,145,1994,pawnee,gas,mcf,124632.0,1.0690000000000002,2.144,0.0,2.006
622,f1_fuel_1994_12_145_2_15,145,1994,pawnee,oil,bbl,69.0,5.649966,0.725,0.0,5.39
623,f1_fuel_1994_12_145_3_7,145,1994,hayden,coal,ton,794600.0,21.22,19.78,20.22,0.932
624,f1_fuel_1994_12_145_3_8,145,1994,hayden,gas,mcf,24653.0,1.08,2.034,0.0,1.886
625,f1_fuel_1994_12_145_3_10,145,1994,craig,coal,ton,340034.0,20.174,20.26,20.48,1.004
626,f1_fuel_1994_12_145_3_11,145,1994,craig,gas,mcf,6732.0,1.072,2.1,0.0,1.961
627,f1_fuel_1994_12_117_0_1,117,1994,nine mile unit 1,nuclear,unknown,401216.0,0.127467,78.446,0.0,0.615
628,f1_fuel_1994_12_117_0_4,117,1994,nine mile unit 2,nuclear,unknown,313736.0,0.119756,57.534,0.0,0.48
629,f1_fuel_1994_12_117_0_7,117,1994,albany,gas,mcf,5397336.0,1.028,2.01,2.01,1.955
630,f1_fuel_1994_12_117_0_10,117,1994,dunkirk,coal,ton,1214261.0,25.85,37.92,35.32,1.467
631,f1_fuel_1994_12_117_0_13,117,1994,roseton,gas,mcf,2151261.0,1.028,2.36,0.0,2.362
632,f1_fuel_1994_12_117_1_1,117,1994,c. r. huntley,coal,ton,1527059.0,25.791999999999998,40.13,37.57,1.556
633,f1_fuel_1994_12_146_0_1,146,1994,schiller,coal,ton,252221.0,24.992,29.337,36.574,1.174
634,f1_fuel_1994_12_150_0_15,150,1994,south whidbey,oil,bbl,894.0,5.922,30.88,0.0,5.22
635,f1_fuel_1994_12_150_1_9,150,1994,whthorn 1,oil,bbl,596.0,5.922,31.07,0.0,5.25
636,f1_fuel_1994_12_150_1_11,150,1994,whthorn 2&3,gas,mcf,8710.0,1.035,3.17,3.17,3.06
637,f1_fuel_1994_12_150_1_12,150,1994,whthorn 2&3,oil,bbl,169.0,5.922,31.08,0.0,5.25
638,f1_fuel_1994_12_150_1_14,150,1994,frederickson,gas,mcf,1448974.0,1.035,2.43,2.43,2.35
639,f1_fuel_1994_12_150_2_8,150,1994,fredonia,gas,mcf,16670.0,1.035,3.44,3.44,3.32
640,f1_fuel_1994_12_150_2_9,150,1994,fredonia,oil,bbl,88.0,5.922,31.42,0.0,5.31
641,f1_fuel_1994_12_151_0_1,151,1994,rochester sta. 3,coal,ton,162396.0,26.126,43.47,35.78,1.369
642,f1_fuel_1994_12_151_0_4,151,1994,rochester sta. 7,coal,ton,383100.0,26.336,39.82,36.55,1.512
643,f1_fuel_1994_12_151_0_8,151,1994,(1)sta98,gas,mcf,33044.0,1.031,3.5,3.5,3.399
644,f1_fuel_1994_12_151_0_13,151,1994,rochester sta. 9,gas,mcf,15992.0,1.016,4.64,4.64,4.569
645,f1_fuel_1994_12_151_1_7,151,1994,station 13,nuclear,gramsU,602820.0,6e-05,24.07,0.979,0.4
646,f1_fuel_1994_12_151_1_10,151,1994,(2) scriba sta. 99,nuclear,gramsU,107129.0,0.00012,59.79,1.274,0.499
647,f1_fuel_1994_12_157_0_1,157,1994,tracy,gas,mcf,9454267.0,1.0250000000000001,1.79,1.79,1.73
648,f1_fuel_1994_12_157_0_4,157,1994,ft. churchill,gas,mcf,11115401.0,1.026,1.82,1.82,1.75
649,f1_fuel_1994_12_157_0_7,157,1994,tracy g.t.,oil,bbl,857.0,5.7456000000000005,27.35,25.49,11.9
650,f1_fuel_1994_12_157_0_10,157,1994,winnemucca g.t.,oil,bbl,304.0,5.7456000000000005,44.52,0.0,7.05
651,f1_fuel_1994_12_157_0_11,157,1994,winnemucca g.t.,gas,mcf,360.0,1.0250000000000001,2.19,2.19,2.1
652,f1_fuel_1994_12_157_0_13,157,1994,"kings beach, diesel",oil,bbl,651.0,5.7456000000000005,35.87,35.26,6.25
653,f1_fuel_1994_12_157_1_1,157,1994,valmy,coal,ton,856808.0,20.482,41.016,41.017,2.003
654,f1_fuel_1994_12_114_0_8,114,1994,michoud,gas,mcf,25345931.0,1.046536,2.098,2.098,2.005
655,f1_fuel_1994_12_115_0_1,115,1994,goudey,coal,ton,251470.0,26.134,39.384,35.73,1.53
656,f1_fuel_1994_12_115_0_4,115,1994,greenidge,coal,ton,285819.0,25.626,41.283,35.54,1.59
657,f1_fuel_1994_12_115_0_7,115,1994,jennison,coal,ton,165222.0,21.406000000000002,33.78,34.99,1.68
658,f1_fuel_1994_12_115_0_10,115,1994,hickling,coal,ton,274152.0,20.89,28.596,27.95,1.38
659,f1_fuel_1994_12_115_0_13,115,1994,milliken,coal,ton,639917.0,26.104,38.281,34.56,1.46
660,f1_fuel_1994_12_115_1_7,115,1994,homer city,coal,ton,2389074.0,25.3,39.391,35.0,1.77
661,f1_fuel_1994_12_115_1_10,115,1994,allen e. kintigh,coal,ton,1818344.0,26.118,39.539,33.59,1.52
662,f1_fuel_1994_12_115_1_14,115,1994,** nine mile no. 2,nuclear,mwdth,202866.0,81.912,38.75,0.0,0.493
663,f1_fuel_1994_12_146_0_4,146,1994,schiller,gas,mcf,1290.0,1.0150000000000001,1.376,1.745,1.356
664,f1_fuel_1994_12_146_0_7,146,1994,merrimack,coal,ton,1037239.0,26.176000000000002,42.439,40.894,1.621
665,f1_fuel_1994_12_146_0_9,146,1994,merrimack,waste,ton,113.0,0.013087,28.791,27.99,1.1
666,f1_fuel_1994_12_146_0_12,146,1994,newington,gas,mcf,1275298.0,1.0150000000000001,2.196,2.134,2.164
667,f1_fuel_1994_12_146_1_1,146,1994,merrimack,oil,bbl,775.0,5.643078,31.632,25.872,5.605
668,f1_fuel_1994_12_146_1_4,146,1994,lost nation,oil,bbl,562.0,5.86068,29.594,24.989,5.05
669,f1_fuel_1994_12_146_1_7,146,1994,white lake,oil,bbl,709.0,5.7057,30.293,31.801,5.309
670,f1_fuel_1994_12_146_1_10,146,1994,schiller,oil,bbl,786.0,5.608092,28.91,28.595,5.155
671,f1_fuel_1994_12_146_1_13,146,1994,millstone no. 3,nuclear,gramsU,43006.0,6e-06,0.0,0.0,0.0
672,f1_fuel_1994_12_118_0_1,118,1994,seabrook,nuclear,gramsU,361764.0,6e-06,0.0,0.0,0.0
673,f1_fuel_1994_12_161_0_1,161,1994,redondo beach,gas,mcf,32858812.0,1.035,2.723,2.723,2.63
674,f1_fuel_1994_12_161_0_4,161,1994,huntington beach,gas,mcf,12976211.0,1.018,2.666,2.666,2.619
675,f1_fuel_1994_12_161_0_7,161,1994,mandalay,gas,mcf,10839198.0,1.062,2.808,2.808,2.643
676,f1_fuel_1994_12_161_0_10,161,1994,ormond beach,gas,mcf,46866523.0,1.045,2.75,2.75,2.632
677,f1_fuel_1994_12_161_0_13,161,1994,etiwanda,gas,mcf,18904454.0,1.02,2.72,2.72,2.668
678,f1_fuel_1994_12_161_1_1,161,1994,mohave,coal,ton,2572926.0,21.895999999999997,28.131,0.0,1.285
679,f1_fuel_1994_12_161_1_2,161,1994,mohave,gas,mcf,1252776.0,1.0250000000000001,2.521,2.521,2.459
680,f1_fuel_1994_12_161_1_4,161,1994,four corners,coal,ton,2784959.0,17.658,22.042,0.0,1.248
681,f1_fuel_1994_12_161_1_5,161,1994,four corners,gas,mcf,161628.0,1.08,2.666,2.666,2.469
682,f1_fuel_1994_12_161_1_7,161,1994,alamitos,gas,mcf,54167544.0,1.013,2.703,2.703,2.668
683,f1_fuel_1994_12_161_1_10,161,1994,el segundo,gas,mcf,20586338.0,1.063,2.672,2.672,2.514
684,f1_fuel_1994_12_161_1_13,161,1994,highgrove,gas,mcf,30962.0,1.0230000000000001,2.518,2.518,2.46
685,f1_fuel_1994_12_161_2_1,161,1994,san bernardino,gas,mcf,233139.0,1.0230000000000001,2.752,2.752,2.691
686,f1_fuel_1994_12_161_2_7,161,1994,san onofre 2&3,nuclear,gramsU,2555100.0,57.421958,29.015,29.015,0.505
687,f1_fuel_1994_12_161_2_10,161,1994,palo verde,nuclear,gramsU,579000.0,66.634496,33.653,33.653,0.505
688,f1_fuel_1994_12_161_2_13,161,1994,cool water,gas,mcf,4212658.0,1.044,2.3,2.3,2.203
689,f1_fuel_1994_12_161_3_1,161,1994,long beach,gas,mcf,2158569.0,1.024,2.651,2.651,2.588
690,f1_fuel_1994_12_161_3_4,161,1994,huntington beach,gas,mcf,138077.0,1.01,2.618,2.618,2.592
691,f1_fuel_1994_12_161_3_10,161,1994,etiwanda,gas,mcf,119007.0,1.006,2.608,2.608,2.592
692,f1_fuel_1994_12_161_3_13,161,1994,alamitos,gas,mcf,117617.0,1.014,2.705,2.705,2.668
693,f1_fuel_1994_12_161_4_1,161,1994,cool water,gas,mcf,10587159.0,1.044,2.22,2.22,2.126
694,f1_fuel_1994_12_161_4_4,161,1994,ellwood,gas,mcf,22593.0,1.142,3.072,3.072,2.69
695,f1_fuel_1994_12_162_0_1,162,1994,ernest c. gaston,coal,ton,1998528.0,23.7,44.45,43.25,1.88
696,f1_fuel_1994_12_163_0_1,163,1994,a.b. brown station,coal,ton,1160335.0,23.0,37.59,35.4,1.63
697,f1_fuel_1994_12_163_0_2,163,1994,a.b. brown station,gas,mcf,98122.0,1.025896,3.04,3.04,2.96
698,f1_fuel_1994_12_163_0_4,163,1994,f.b. culley station,coal,ton,891420.0,21.978,28.86,28.15,1.31
699,f1_fuel_1994_12_163_0_5,163,1994,f.b. culley station,gas,mcf,19375.0,1.024774,3.45,3.45,3.37
700,f1_fuel_1994_12_163_0_7,163,1994,warrick 4,coal,ton,480649.0,22.428,26.19,25.41,1.17
701,f1_fuel_1994_12_163_0_8,163,1994,warrick 4,gas,mcf,9961.0,1.026503,3.81,3.81,3.71
702,f1_fuel_1994_12_163_0_10,163,1994,northeast,gas,mcf,31565.0,1.025154,3.1,3.1,3.02
703,f1_fuel_1994_12_163_0_13,163,1994,broadway 1,gas,mcf,36425.0,1.025148,2.56,2.56,2.5
704,f1_fuel_1994_12_163_1_7,163,1994,broadway 2,gas,mcf,63685.0,1.024825,2.67,2.67,2.61
705,f1_fuel_1994_12_163_1_10,163,1994,a.b. brown turbine,gas,mcf,195491.0,1.02551,2.74,2.74,2.68
706,f1_fuel_1994_12_164_0_1,164,1994,arsenal hill 0001,gas,mcf,1309007.0,1.0759999999999998,2.225,2.225,2.068
707,f1_fuel_1994_12_164_0_4,164,1994,lieberman 0002,gas,mcf,2841145.0,1.021,1.974,1.974,1.933
708,f1_fuel_1994_12_164_0_7,164,1994,knox lee 3,gas,mcf,11270126.0,1.0610000000000002,2.046,2.046,1.928
709,f1_fuel_1994_12_164_0_10,164,1994,lone star 0004,gas,mcf,41050.0,0.887,5.787,5.787,6.526
710,f1_fuel_1994_12_164_0_13,164,1994,wilkes 0005,gas,mcf,27690424.0,0.976,1.936,1.936,1.984
711,f1_fuel_1994_12_164_1_7,164,1994,pirkey 008,coal,ton,2900391.0,26.462,17.37,16.86,1.313
712,f1_fuel_1994_12_164_1_9,164,1994,pirkey 008,gas,mcf,58221.0,1.0430000000000001,2.815,0.0,2.7
713,f1_fuel_1994_12_164_1_10,164,1994,dolet hills,coal,ton,1324330.0,27.542,18.489,18.28,1.343
714,f1_fuel_1994_12_164_1_12,164,1994,dolet hills,gas,mcf,32747.0,1.019,3.169,0.0,3.11
715,f1_fuel_1994_12_166_0_1,166,1994,harrington,coal,ton,4409602.0,17.291999999999998,26.89,26.89,1.555
716,f1_fuel_1994_12_166_0_2,166,1994,harrington,gas,mcf,90194.0,0.9650000000000001,1.958,1.958,2.029
717,f1_fuel_1994_12_166_0_4,166,1994,tolk,coal,ton,3949036.0,17.322,34.689,34.689,2.003
718,f1_fuel_1994_12_166_0_5,166,1994,tolk,gas,mcf,74154.0,0.9990000000000001,2.175,2.175,2.176
719,f1_fuel_1994_12_166_0_7,166,1994,nichols,gas,mcf,14554049.0,0.9840000000000001,1.772,1.772,1.802
720,f1_fuel_1994_12_166_0_10,166,1994,jones,gas,mcf,25280657.0,1.016,1.921,1.921,1.891
721,f1_fuel_1994_12_166_0_13,166,1994,plant x,gas,mcf,8995875.0,1.009,1.857,1.857,1.84
722,f1_fuel_1994_12_166_1_4,166,1994,celanese ii,unknown,mcf,1008762.0,0.001,2.608,2.608,2.608
723,f1_fuel_1994_12_166_1_7,166,1994,cunningham,gas,mcf,13068657.0,1.101,1.954,1.954,1.933
724,f1_fuel_1994_12_166_1_10,166,1994,maddox,gas,mcf,5014756.0,1.049,2.017,2.017,1.923
725,f1_fuel_1994_12_166_1_13,166,1994,maddox,gas,mcf,542190.0,1.064,1.931,1.931,1.816
726,f1_fuel_1994_12_166_2_1,166,1994,carlsbad,gas,mcf,101827.0,1.101,2.252,2.252,2.045
727,f1_fuel_1994_12_169_0_2,169,1994,grand gulf unit 1,nuclear,mwhth,27923331.0,3.4126,1.723,0.0,0.505
728,f1_fuel_1994_12_170_0_4,170,1994,gannon,coal,ton,2245611.0,24.808,60.81,59.02,2.45
729,f1_fuel_1994_12_170_0_9,170,1994,gannon,oil,bbl,426.0,5.862192,72.15,23.08,12.31
730,f1_fuel_1994_12_170_0_10,170,1994,big bend,coal,ton,4549323.0,23.747999999999998,49.72,47.12,2.09
731,f1_fuel_1994_12_173_0_1,173,1994,big brown,coal,ton,5617202.0,13.379999999999999,13.14,12.33,0.98
732,f1_fuel_1994_12_173_0_2,173,1994,big brown,gas,mcf,897455.0,1.033554,2.63,2.63,2.54
733,f1_fuel_1994_12_173_0_4,173,1994,monticello,coal,ton,6733934.0,11.526,16.29,15.89,1.41
734,f1_fuel_1994_12_173_0_7,173,1994,martin lak,coal,ton,13455649.0,13.216000000000001,11.79,11.23,0.89
735,f1_fuel_1994_12_173_0_10,173,1994,sandow #4,coal,ton,585163.0,13.744,12.63,12.63,0.92
736,f1_fuel_1994_12_173_0_13,173,1994,eagle mountain,gas,mcf,8876956.0,1.035872,2.55,2.55,2.46
737,f1_fuel_1994_12_173_1_1,173,1994,graham,gas,mcf,20796791.0,1.044517,2.59,2.59,2.48
738,f1_fuel_1994_12_173_1_4,173,1994,handley,gas,mcf,26848901.0,1.02837,2.55,2.55,2.48
739,f1_fuel_1994_12_173_1_5,173,1994,handley,oil,bbl,12977.0,5.796,30.81,21.78,5.32
740,f1_fuel_1994_12_173_1_7,173,1994,morgan crk,gas,mcf,22601324.0,1.015956,2.53,2.53,2.49
741,f1_fuel_1994_12_173_1_10,173,1994,north main,gas,mcf,19840.0,1.033014,2.51,2.51,2.43
742,f1_fuel_1994_12_173_1_13,173,1994,permian basin,gas,mcf,29945938.0,1.018869,2.6,2.6,2.55
743,f1_fuel_1994_12_173_2_1,173,1994,dallas,gas,mcf,23691.0,1.027563,2.49,2.49,2.43
744,f1_fuel_1994_12_173_2_4,173,1994,mountain creek,gas,mcf,19787275.0,1.022573,2.59,2.59,2.53
745,f1_fuel_1994_12_173_2_7,173,1994,parkdale,gas,mcf,428845.0,1.005512,2.42,2.42,2.41
746,f1_fuel_1994_12_173_2_10,173,1994,north lake,gas,mcf,12582591.0,1.020809,2.57,2.57,2.51
747,f1_fuel_1994_12_173_2_11,173,1994,north lake,oil,bbl,9620.0,5.796042000000001,30.49,21.78,5.26
748,f1_fuel_1994_12_173_2_13,173,1994,lake hubbard,gas,mcf,23481145.0,1.03104,2.6,2.6,2.53
749,f1_fuel_1994_12_173_2_14,173,1994,lake hubbard,oil,bbl,5906.0,5.795958000000001,32.76,21.78,5.65
750,f1_fuel_1994_12_173_3_1,173,1994,collin,gas,mcf,240445.0,1.020895,2.45,2.45,2.4
751,f1_fuel_1994_12_173_3_4,173,1994,decordova,gas,mcf,35699084.0,1.019516,2.6,2.6,2.55
752,f1_fuel_1994_12_173_3_7,173,1994,lake creek,gas,mcf,6966016.0,1.043617,2.64,2.64,2.53
753,f1_fuel_1994_12_173_3_8,173,1994,lake creek,oil,bbl,104.0,5.796,133.56,21.78,23.04
754,f1_fuel_1994_12_173_3_10,173,1994,river crest,gas,mcf,24594.0,1.095348,2.68,2.68,2.44
755,f1_fuel_1994_12_173_3_13,173,1994,stryker creek,gas,mcf,24766927.0,1.033936,2.66,2.66,2.58
756,f1_fuel_1994_12_173_3_14,173,1994,stryker creek,oil,bbl,261.0,5.800746,98.17,21.78,16.92
757,f1_fuel_1994_12_173_4_1,173,1994,tradinghouse,gas,mcf,56903069.0,1.032687,2.67,2.67,2.59
758,f1_fuel_1994_12_173_4_2,173,1994,tradinghouse,oil,bbl,3707.0,5.796,33.44,21.78,5.77
759,f1_fuel_1994_12_173_4_4,173,1994,trinidad,gas,mcf,481069.0,1.041131,2.42,2.42,2.32
760,f1_fuel_1994_12_173_4_5,173,1994,trinidad,oil,bbl,56.0,5.78571,88.15,21.78,15.24
761,f1_fuel_1994_12_173_4_7,173,1994,valley,gas,mcf,32467813.0,1.032946,2.59,2.59,2.51
762,f1_fuel_1994_12_173_4_10,173,1994,* morgan creek,gas,mcf,1472398.0,1.017815,2.62,2.62,2.57
763,f1_fuel_1994_12_173_4_13,173,1994,* permian basin,gas,mcf,1777582.0,1.016238,2.59,2.59,2.55
764,f1_fuel_1994_12_173_4_14,173,1994,* permian basin,oil,bbl,142.0,5.796,97.08,0.0,16.73
765,f1_fuel_1994_12_173_5_1,173,1994,* decordova,gas,mcf,850530.0,1.02775,2.57,2.57,2.5
766,f1_fuel_1994_12_176_0_1,176,1994,irvington,coal,ton,336987.0,20.316000000000003,44.895,44.895,2.21
767,f1_fuel_1994_12_176_0_2,176,1994,irvington,gas,mcf,2077932.0,1.027,1.898,1.898,1.848
768,f1_fuel_1994_12_176_0_3,176,1994,irvington,oil,bbl,2136.0,5.8233,60.589,60.589,10.405
769,f1_fuel_1994_12_176_0_4,176,1994,springerville,coal,ton,2996573.0,18.136,44.743,44.743,2.467
770,f1_fuel_1994_12_176_0_7,176,1994,4 corner,coal,ton,407286.0,17.462,22.261,22.261,1.275
771,f1_fuel_1994_12_176_0_9,176,1994,4 corner,gas,mcf,23526.0,1.0150000000000001,3.04,3.04,2.995
772,f1_fuel_1994_12_176_0_10,176,1994,san juan,coal,ton,1063994.0,19.504,34.965,34.965,1.793
773,f1_fuel_1994_12_176_0_12,176,1994,san juan,oil,bbl,14324.0,5.660424,31.66,31.66,5.594
774,f1_fuel_1994_12_176_0_13,176,1994,navajo,coal,ton,592798.0,22.022,23.968,23.968,1.088
775,f1_fuel_1994_12_176_1_8,176,1994,demosspetr,gas,mcf,64610.0,1.027,2.206,2.206,2.148
776,f1_fuel_1994_12_176_1_11,176,1994,irvington,gas,mcf,28661.0,1.027,1.787,1.787,1.74
777,f1_fuel_1994_12_176_1_14,176,1994,north loop,gas,mcf,52731.0,1.027,1.959,1.959,1.908
778,f1_fuel_1994_12_177_0_1,177,1994,labadie,coal,ton,6092874.0,19.718,23.6,23.507,1.19682
779,f1_fuel_1994_12_177_0_4,177,1994,sioux,coal,ton,1548205.0,19.896,26.927,24.774,1.35341
780,f1_fuel_1994_12_177_0_6,177,1994,sioux,waste,ton,2576.0,0.0145,19.734,20.721,443.336
781,f1_fuel_1994_12_177_0_7,177,1994,kirksville,gas,mcf,10291.0,1.024,4.082,4.082,3.98661
782,f1_fuel_1994_12_177_0_13,177,1994,viaduct c. t.,gas,mcf,18484.0,1.037,4.475,4.475,4.31448
783,f1_fuel_1994_12_177_2_1,177,1994,rush island,coal,ton,3049658.0,18.72,22.159,21.095,1.1838
784,f1_fuel_1994_12_177_2_4,177,1994,meramec,coal,ton,753381.0,24.006,36.124,31.426,1.50481
785,f1_fuel_1994_12_177_2_5,177,1994,meramec,gas,mcf,856551.0,1.019,2.155,2.155,2.11442
786,f1_fuel_1994_12_177_3_1,177,1994,venice,gas,mcf,795519.0,1.021,2.217,2.217,2.17237
787,f1_fuel_1994_12_179_0_1,179,1994,seabrook,nuclear,gramsU,177986.0,6e-06,0.0,0.0,0.0
788,f1_fuel_1994_12_179_0_4,179,1994,bpt harbor sta.,coal,ton,821448.0,25.951999999999998,46.376,46.376,1.787
789,f1_fuel_1994_12_179_0_7,179,1994,nh harbor,gas,mcf,473967.0,1.031,2.322,2.322,2.251
790,f1_fuel_1994_12_179_0_10,179,1994,bpt harbor sta.,oil,bbl,956.0,5.645136,31.4,26.586,5.562
791,f1_fuel_1994_12_179_0_13,179,1994,millstone - unit 3,nuclear,gramsU,55655.0,6e-06,0.0,0.0,0.0
792,f1_fuel_1994_12_182_0_1,182,1994,sibley,coal,ton,1331839.0,20.238,22.89,21.95,1.13
793,f1_fuel_1994_12_182_0_7,182,1994,jec,coal,ton,703352.0,16.459999999999997,18.02,17.92,1.09
794,f1_fuel_1994_12_182_1_13,182,1994,w.n. clark,coal,ton,158106.0,21.6,29.41,26.7,1.36
795,f1_fuel_1994_12_182_2_8,182,1994,pueblo,gas,mcf,967562.0,0.8540000000000001,1.75,1.75,2.05
796,f1_fuel_1994_12_182_3_11,182,1994,judson large,gas,mcf,4533787.0,0.9890000000000001,1.832,1.83,1.851
797,f1_fuel_1994_12_182_3_14,182,1994,mullergren,gas,mcf,1029993.0,1.0150000000000001,1.87,1.87,1.85
798,f1_fuel_1994_12_182_4_8,182,1994,cimarron r,gas,mcf,1367069.0,0.968,2.12,2.12,2.19
799,f1_fuel_1994_12_182_4_10,182,1994,jec,coal,ton,710873.0,16.486,18.4,18.01,1.12
800,f1_fuel_1994_12_182_4_14,182,1994,cimarron river,gas,mcf,8500.0,0.9520000000000001,1.91,1.91,2.01
801,f1_fuel_1994_12_182_5_8,182,1994,clifton,gas,mcf,30930.0,1.013,2.73,2.73,2.69
802,f1_fuel_1994_12_185_0_1,185,1994,vermont yankee,nuclear,gramsU,729214.0,6.3e-05,23.25,0.0,0.369
803,f1_fuel_1994_12_186_0_1,186,1994,chesterfield,coal,ton,2781017.0,25.45,37.36,36.46,1.468
804,f1_fuel_1994_12_186_0_5,186,1994,chesterfield,gas,mcf,17615456.0,1.039,2.86,2.86,2.752
805,f1_fuel_1994_12_186_0_7,186,1994,mt. storm,coal,ton,4367797.0,24.61,32.37,30.67,1.315
806,f1_fuel_1994_12_186_0_11,186,1994,chesapeake,coal,ton,1032253.0,25.898,44.03,41.46,1.702
807,f1_fuel_1994_12_186_0_13,186,1994,possum point,coal,ton,623170.0,25.624000000000002,41.07,39.12,1.587
808,f1_fuel_1994_12_186_1_1,186,1994,bremo,coal,ton,401640.0,13.0,35.29,36.82,1.395
809,f1_fuel_1994_12_186_1_4,186,1994,yorktown,coal,ton,587432.0,25.984,41.82,39.12,1.616
810,f1_fuel_1994_12_186_1_6,186,1994,yorktown,oil,bbl,7229.0,5.880000000000001,35.54,22.08,6.043
811,f1_fuel_1994_12_186_1_10,186,1994,gravel neck,oil,bbl,83329.0,5.880000000000001,42.64,21.55,7.251
812,f1_fuel_1994_12_186_1_11,186,1994,gravel neck,gas,mcf,340637.0,1.044,2.47,2.47,2.369
813,f1_fuel_1994_12_186_2_2,186,1994,darbytown,gas,mcf,672557.0,1.0330000000000001,2.33,2.33,2.254
814,f1_fuel_1994_12_186_2_14,186,1994,chesapeake,gas,mcf,245.0,1.0430000000000001,22.01,0.0,21.101
815,f1_fuel_1994_12_186_3_10,186,1994,north anna,nuclear,gramsU,1145142.0,0.121521,50.79,23.23,0.0
816,f1_fuel_1994_12_186_3_13,186,1994,surry,nuclear,gramsU,1021212.0,0.116568,56.77,26.05,0.0
817,f1_fuel_1994_12_187_0_1,187,1994,centralia,coal,ton,873889.0,16.816000000000003,23.87,23.87,1.42
818,f1_fuel_1994_12_187_0_2,187,1994,centralia,oil,bbl,1579.0,5.796,30.54,30.54,5.27
819,f1_fuel_1994_12_187_0_5,187,1994,spokane n.e.,gas,mcf,708767.0,1.03,3.07,3.07,2.98
820,f1_fuel_1994_12_187_0_7,187,1994,kettle fal,waste,ton,506041.0,0.00455,6.64,6.64,0.73
821,f1_fuel_1994_12_187_0_8,187,1994,kettle fal,gas,mcf,2526.0,1.03,2.93,2.93,2.81
822,f1_fuel_1994_12_187_0_10,187,1994,colstrip,coal,ton,1018625.0,17.02,12.73,13.06,0.75
823,f1_fuel_1994_12_187_0_11,187,1994,colstrip,oil,bbl,2836.0,5.922,30.53,30.53,5.16
824,f1_fuel_1994_12_188_0_4,188,1994,mitchell##,coal,ton,492570.0,24.702,44.28,32.55,1.7924000000000002
825,f1_fuel_1994_12_188_0_7,188,1994,armstrong,coal,ton,608201.0,24.744,33.25,31.02,1.3438999999999999
826,f1_fuel_1994_12_188_0_10,188,1994,ft. martin #2,coal,ton,600749.0,25.206,38.22,37.15,1.5163
827,f1_fuel_1994_12_188_0_13,188,1994,hatfield's ferry,coal,ton,1950642.0,25.638,39.53,38.21,1.5419
828,f1_fuel_1994_12_188_1_7,188,1994,harrison,coal,ton,1839748.0,26.264,36.48,35.18,1.3891
829,f1_fuel_1994_12_188_1_10,188,1994,pleasants,coal,ton,1415930.0,24.388,30.14,24.1,1.2357
830,f1_fuel_1994_12_189_0_1,189,1994,lake pauline,gas,unknown,41121.0,1.006,2.4,2.4,2.38
831,f1_fuel_1994_12_189_0_4,189,1994,fort phantom,gas,unknown,17436721.0,1.004051,2.42,2.42,2.41
832,f1_fuel_1994_12_189_0_6,189,1994,fort phantom,oil,bbl,260.0,6.150018,32.7,0.0,5.32
833,f1_fuel_1994_12_189_0_7,189,1994,rio pecos,gas,unknown,8488412.0,0.95,1.72,1.72,1.81
834,f1_fuel_1994_12_189_0_10,189,1994,oklaunion,coal,ton,1676177.0,16.736,23.71,23.81,1.417
835,f1_fuel_1994_12_189_0_13,189,1994,paint creek,gas,unknown,3636694.0,0.993,2.05,2.05,2.07
836,f1_fuel_1994_12_189_1_1,189,1994,oak creek,gas,unknown,3349167.0,1.002,2.06,2.06,2.06
837,f1_fuel_1994_12_189_1_4,189,1994,san angelo,gas,unknown,9217543.0,1.0070000000000001,2.18,2.18,2.17
838,f1_fuel_1994_12_33_0_1,33,1994,state line,coal,ton,903133.0,18.528,50.13,45.53,2.706
839,f1_fuel_1994_12_89_0_1,89,1994,blount station,coal,ton,113879.0,22.544,31.53,32.53,1.399
840,f1_fuel_1994_12_89_0_2,89,1994,blount station,gas,mcf,531061.0,1.0070000000000001,2.337,2.337,2.322
841,f1_fuel_1994_12_89_0_3,89,1994,blount station,unknown,ton,4253.0,0.008756,20.11,20.11,1.15
842,f1_fuel_1994_12_89_0_4,89,1994,nine springs,gas,mcf,10567.0,1.012,2.04,2.04,2.015
843,f1_fuel_1994_12_89_0_6,89,1994,nine springs,oil,bbl,53.0,5.6063279999999995,28.6,0.0,5.14
844,f1_fuel_1994_12_89_0_7,89,1994,sycamore,gas,mcf,59355.0,1.013,2.04,2.04,2.014
845,f1_fuel_1994_12_89_0_9,89,1994,sycamore,oil,bbl,2362.0,5.771052,34.18,0.0,5.92
846,f1_fuel_1994_12_89_0_10,89,1994,fitchburg - 2 units,gas,mcf,91865.0,1.011,2.04,2.04,2.018
847,f1_fuel_1994_12_89_0_13,89,1994,kewaunee power plant,nuclear,mwdth,92539.0,8.2e-05,40.33,0.0,0.492
848,f1_fuel_1994_12_89_1_7,89,1994,columbia 1,coal,ton,318180.0,16.632,24.44,0.0,1.469
849,f1_fuel_1994_12_89_1_10,89,1994,columbia 2,coal,ton,465752.0,17.468,18.25,0.0,1.045
850,f1_fuel_1994_12_89_1_13,89,1994,columbia total,coal,ton,783932.0,17.128,20.76,19.58,1.212
851,f1_fuel_1994_12_200_0_1,200,1994,aroostook valley,waste,ton,65439.0,0.0042,0.0,12.291,1.54
852,f1_fuel_1994_12_201_0_1,201,1994,reid,coal,ton,98593.0,23.782,33.17,31.69,1.395
853,f1_fuel_1994_12_201_0_4,201,1994,coleman,coal,ton,1184596.0,22.814,25.32,24.73,1.11
854,f1_fuel_1994_12_201_0_6,201,1994,coleman,gas,mcf,62037.0,1.0,3.2,3.2,3.202
855,f1_fuel_1994_12_201_0_7,201,1994,green,coal,ton,1482104.0,21.222,27.2,27.15,1.2819999999999998
856,f1_fuel_1994_12_201_0_10,201,1994,hmp&l station two,coal,ton,736491.0,23.932,29.92,31.69,1.2550000000000001
857,f1_fuel_1994_12_201_0_13,201,1994,wilson,coal,ton,1265239.0,23.418000000000003,34.43,35.08,1.47
858,f1_fuel_1994_12_204_0_1,204,1994,seabrook,nuclear,gramsU,22110.0,6e-06,20.52,0.0,0.0
859,f1_fuel_1994_12_208_0_3,208,1994,w.f. wyman unit 4,unknown,bbl,667821.0,0.149719,14.685,15.09,2.335
860,f1_fuel_1994_12_159_0_1,159,1994,v.c. summer,nuclear,gramsU,472705.0,6.9e-05,35.135,0.0,0.512
861,f1_fuel_1994_12_159_0_4,159,1994,urquhart,coal,ton,528609.0,25.838,40.867,39.928,1.582
862,f1_fuel_1994_12_159_0_5,159,1994,urquhart,gas,mcf,1163398.0,1.023,1.632,1.632,1.595
863,f1_fuel_1994_12_159_0_10,159,1994,wateree,coal,ton,1642909.0,25.44,40.322,39.637,1.585
864,f1_fuel_1994_12_159_0_13,159,1994,mcmeekin,coal,ton,640155.0,25.314,40.272,39.127,1.591
865,f1_fuel_1994_12_159_0_14,159,1994,mcmeekin,gas,mcf,15.0,1.023,2.451,2.451,2.396
866,f1_fuel_1994_12_159_0_15,159,1994,mcmeekin,oil,bbl,1674.0,5.8177140000000005,29.243,23.296,5.027
867,f1_fuel_1994_12_159_1_1,159,1994,canadys,coal,ton,990145.0,25.3,40.964,40.503,1.619
868,f1_fuel_1994_12_159_1_2,159,1994,canadys,gas,mcf,1306999.0,1.023,1.628,1.628,1.591
869,f1_fuel_1994_12_159_1_5,159,1994,parr,gas,mcf,11687.0,1.022,3.394,3.394,3.322
870,f1_fuel_1994_12_159_2_14,159,1994,burton combined,gas,mcf,1714.0,1.026,3.762,3.762,3.667
871,f1_fuel_1994_12_159_2_15,159,1994,burton combined,oil,bbl,1347.0,5.83065,36.911,24.582,6.33
872,f1_fuel_1994_12_159_3_14,159,1994,urquhart combined,gas,mcf,1454.0,1.037,3.628,3.628,3.5
873,f1_fuel_1994_12_159_4_2,159,1994,canadys peaking unit,gas,mcf,900.0,1.026,3.419,3.419,3.331
874,f1_fuel_1994_12_119_0_1,119,1994,michigan city,coal,ton,1398758.0,20.162,33.88,31.88,1.68
875,f1_fuel_1994_12_119_0_2,119,1994,michigan city,gas,mcf,2971273.0,1.021,2.7,2.7,2.64
876,f1_fuel_1994_12_119_0_4,119,1994,d.h.mitchell,coal,ton,1045754.0,19.596,27.62,27.06,1.409
877,f1_fuel_1994_12_119_0_5,119,1994,d.h.mitchell,gas,mcf,2475013.0,1.021,2.61,2.61,2.561
878,f1_fuel_1994_12_119_0_7,119,1994,bailly,coal,ton,1389013.0,22.082,30.8,29.2,1.395
879,f1_fuel_1994_12_119_0_8,119,1994,bailly,gas,mcf,256356.0,1.021,4.17,4.17,4.088
880,f1_fuel_1994_12_119_0_10,119,1994,r.m.schahfer,coal,ton,3287099.0,21.09,33.19,30.91,1.574
881,f1_fuel_1994_12_119_0_11,119,1994,r.m.schahfer,gas,mcf,703165.0,1.021,2.9,2.9,2.84
882,f1_fuel_1994_12_119_0_13,119,1994,d.h.mitchell,gas,mcf,24895.0,1.021,2.92,2.92,2.86
883,f1_fuel_1994_12_119_1_7,119,1994,bailly,gas,mcf,78539.0,1.021,3.33,3.33,3.26
884,f1_fuel_1994_12_119_1_10,119,1994,r.m.schahfer,gas,mcf,360970.0,1.021,2.95,2.95,2.89
885,f1_fuel_1994_12_25_0_2,25,1994,rutland,oil,bbl,1632.0,5.8212,29.27,0.0,5.03
886,f1_fuel_1994_12_49_0_1,49,1994,rio grande,gas,mcf,11077107.0,1.0247,1.921,1.921,1.874
887,f1_fuel_1994_12_49_0_4,49,1994,newman,gas,mcf,17788432.0,1.0238,2.048,2.048,2.001
888,f1_fuel_1994_12_49_0_8,49,1994,fourcorner,gas,mcf,23368.0,1.0155,2.668,2.668,2.627
889,f1_fuel_1994_12_49_0_10,49,1994,copper,gas,mcf,85893.0,1.0227,2.126,2.126,2.079
890,f1_fuel_1994_12_108_0_2,108,1994,"clark 1, 2, 3",gas,mcf,186247.0,1.025,2.23,2.23,2.18
891,f1_fuel_1994_12_108_0_5,108,1994,sunrise,gas,mcf,530374.0,1.025,2.19,2.19,2.14
892,f1_fuel_1994_12_108_0_7,108,1994,rg123(1),coal,ton,948116.0,23.878,45.07,40.11,1.89
893,f1_fuel_1994_12_108_0_9,108,1994,rg123(1),oil,bbl,8849.0,5.612124,29.05,29.05,5.18
894,f1_fuel_1994_12_108_0_10,108,1994,mohave (1),coal,ton,643225.0,21.892,28.12,27.55,1.28
895,f1_fuel_1994_12_108_0_11,108,1994,mohave (1),gas,mcf,314831.0,1.02525,2.52,2.52,2.46
896,f1_fuel_1994_12_108_0_13,108,1994,navajo (1),coal,ton,918141.0,22.028,23.43,23.64,1.06
897,f1_fuel_1994_12_108_1_1,108,1994,"r. gardner 4 (2,1)",coal,ton,66723.0,23.878,42.03,40.11,1.76
898,f1_fuel_1994_12_108_1_3,108,1994,"r. gardner 4 (2,1)",oil,bbl,423.0,5.612124,29.07,29.07,5.18
899,f1_fuel_1994_12_108_1_5,108,1994,"clark 5,6,7,8,9 & 10",gas,mcf,7597024.0,1.025,2.11,2.11,2.06
900,f1_fuel_1994_12_108_1_11,108,1994,sunrise (3),gas,mcf,94935.0,1.025,3.11,2.36,3.04
901,f1_fuel_1994_12_108_1_14,108,1994,sun peak (3),gas,mcf,286842.0,1.025,5.24,2.36,5.11
902,f1_fuel_1994_12_108_1_15,108,1994,sun peak (3),oil,bbl,3035.0,5.8622760000000005,29.68,29.68,5.06
903,f1_fuel_1994_12_155_0_1,155,1994,encina,gas,mcf,18524698.0,1.019,2.39,2.39,2.35
904,f1_fuel_1994_12_155_0_4,155,1994,south bay,gas,mcf,21565127.0,1.0230000000000001,2.41,2.41,2.35
905,f1_fuel_1994_12_155_0_10,155,1994,el cajon,gas,mcf,2578.0,1.0219999999999998,2.5,2.5,2.44
906,f1_fuel_1994_12_155_0_11,155,1994,el cajon,oil,bbl,77.0,5.831154,38.51,26.56,6.68
907,f1_fuel_1994_12_155_0_13,155,1994,kearny,gas,mcf,48994.0,1.024,2.5,2.5,2.44
908,f1_fuel_1994_12_155_0_14,155,1994,kearny,oil,bbl,835.0,5.795202,38.51,26.56,6.68
909,f1_fuel_1994_12_155_1_7,155,1994,encina,gas,mcf,3389.0,1.016,2.5,2.5,2.44
910,f1_fuel_1994_12_155_1_8,155,1994,encina,oil,bbl,112.0,5.78571,38.51,26.56,6.68
911,f1_fuel_1994_12_155_1_10,155,1994,south bay,gas,mcf,120.0,1.017,2.5,2.5,2.44
912,f1_fuel_1994_12_155_1_11,155,1994,south bay,oil,bbl,415.0,5.629722,38.51,26.56,6.68
913,f1_fuel_1994_12_155_1_13,155,1994,n. t. c.,gas,mcf,3390.0,1.024,2.5,2.5,2.44
914,f1_fuel_1994_12_155_1_14,155,1994,n. t. c.,oil,bbl,59.0,5.8297680000000005,38.51,26.56,6.68
915,f1_fuel_1994_12_155_2_7,155,1994,no. island,gas,mcf,6313.0,1.0230000000000001,2.5,2.5,2.44
916,f1_fuel_1994_12_155_2_8,155,1994,no. island,oil,bbl,921.0,5.792598000000001,38.51,26.56,6.68
917,f1_fuel_1994_12_155_2_10,155,1994,naval stat,gas,mcf,18481.0,1.024,2.5,2.5,2.44
918,f1_fuel_1994_12_155_2_11,155,1994,naval stat,oil,bbl,123.0,5.764248,38.51,26.56,6.68
919,f1_fuel_1994_12_155_2_13,155,1994,miramar,gas,mcf,25879.0,1.0230000000000001,2.5,2.5,2.44
920,f1_fuel_1994_12_155_2_14,155,1994,miramar,oil,bbl,204.0,5.789196,38.51,26.56,6.68
921,f1_fuel_1994_12_155_3_8,155,1994,division,oil,bbl,420.0,5.79285,38.51,26.56,6.68
922,f1_fuel_1994_12_36_2_5,36,1994,indian point,oil,bbl,2722.0,5.79789,29.387,0.0,5.0682
923,f1_fuel_1994_12_36_2_13,36,1994,astoria,gas,mcf,1560338.0,1.035,244.65,0.0,2.3634
924,f1_fuel_1994_12_36_3_4,36,1994,ravenswood,gas,mcf,629553.0,1.036,253.7,0.0,2.4486000000000003
925,f1_fuel_1994_12_36_3_10,36,1994,narrows,gas,mcf,1160704.0,1.036,237.77,0.0,2.2968
926,f1_fuel_1994_12_100_0_1,100,1994,independence,coal,ton,1379253.0,16.13,27.139,27.139,1.682
927,f1_fuel_1994_12_100_0_3,100,1994,independence,oil,bbl,15419.0,5.69688,48.745,48.745,8.557
928,f1_fuel_1994_12_100_0_5,100,1994,rex brown,gas,mcf,4535643.0,1.054543,2.227,2.227,2.115
929,f1_fuel_1994_12_100_0_11,100,1994,delta,gas,mcf,3729158.0,1.07832,1.994,1.994,1.849
930,f1_fuel_1994_12_100_0_14,100,1994,baxter wilson,gas,mcf,25910162.0,1.048499,2.09,2.09,1.993
931,f1_fuel_1994_12_100_0_15,100,1994,baxter wilson,oil,bbl,54320.0,6.344142,80.245,80.245,12.649
932,f1_fuel_1994_12_100_1_8,100,1994,gerald and,gas,mcf,15951483.0,1.036402,1.737,1.737,1.676
933,f1_fuel_1994_12_107_0_4,107,1994,manchester st.,gas,mcf,53422.0,1.031,2.25,2.25,2.18
934,f1_fuel_1994_12_144_0_1,144,1994,edwardsport,coal,unknown,166638.0,21.895999999999997,23.83,23.35,1.09
935,f1_fuel_1994_12_144_0_4,144,1994,noblesville,coal,unknown,104773.0,22.512,30.84,28.91,1.37
936,f1_fuel_1994_12_144_0_7,144,1994,cayuga,coal,unknown,2720344.0,22.24,29.98,29.57,1.35
937,f1_fuel_1994_12_144_0_10,144,1994,gallagher,coal,unknown,1317115.0,24.384,31.21,29.61,1.28
938,f1_fuel_1994_12_144_0_13,144,1994,wabash river,coal,unknown,1354884.0,22.156,27.66,27.19,1.25
939,f1_fuel_1994_12_144_1_1,144,1994,gibson,coal,unknown,7200164.0,21.32,31.73,30.89,1.49
940,f1_fuel_1994_12_116_0_3,116,1994,wyman 4,unknown,bbl,667821.0,0.149719,14.685,15.09,2.335
941,f1_fuel_1994_12_136_0_1,136,1994,three mile island u1,nuclear,kgU,290.0,0.061891,34348.0,0.0,0.555
942,f1_fuel_1994_12_136_0_4,136,1994,homer city #1 & #2,coal,ton,1366743.0,24.983999999999998,41.886,36.612,1.676
943,f1_fuel_1994_12_136_0_7,136,1994,homer cty3,coal,ton,730699.0,25.892,48.349,43.817,1.867
944,f1_fuel_1994_12_136_0_10,136,1994,shawville,coal,ton,1288928.0,24.596,32.794,30.894,1.333
945,f1_fuel_1994_12_136_1_1,136,1994,seward,coal,ton,565356.0,24.712,32.066,28.403,1.298
946,f1_fuel_1994_12_136_1_4,136,1994,warren,coal,ton,219136.0,24.44,37.784,33.146,1.546
947,f1_fuel_1994_12_136_2_1,136,1994,blossburg,gas,mcf,26637.0,1.0,6.278,6.278,6.278
948,f1_fuel_1994_12_136_2_7,136,1994,wayne,oil,bbl,23495.0,3.7876019999999997,23.249,22.261,6.138
949,f1_fuel_1994_12_144_1_13,144,1994,cayuga combustion,gas,unknown,614432.0,1.014,3.3,3.3,3.25
950,f1_fuel_1994_12_144_1_15,144,1994,cayuga combustion,oil,unknown,4868.0,5.7540000000000004,30.54,23.44,5.35
951,f1_fuel_1994_12_67_0_1,67,1994,mt. tom,coal,ton,342699.0,25.9,46.51,43.691,1.796
952,f1_fuel_1994_12_82_0_2,82,1994,tyrone,coal,ton,44526.0,24.166,35.03,31.88,1.33
953,f1_fuel_1994_12_82_0_5,82,1994,green river,coal,ton,467743.0,23.262,25.88,25.01,1.08
954,f1_fuel_1994_12_82_0_8,82,1994,e.w. brown,coal,ton,1476344.0,24.0,28.82,28.19,1.17
955,f1_fuel_1994_12_82_0_11,82,1994,pineville,coal,ton,28465.0,25.394,32.5,30.37,1.22
956,f1_fuel_1994_12_82_0_14,82,1994,ghent,coal,ton,4529137.0,24.502,29.78,29.55,1.21
957,f1_fuel_1994_12_82_1_1,82,1994,haefling,gas,mcf,4362.0,1.0,5.12,5.12,5.12
958,f1_fuel_1994_12_82_1_4,82,1994,ew brown-gt,gas,mcf,17157.0,1.0,1.72,1.768,1.72
959,f1_fuel_1994_12_95_0_1,95,1994,r. m. heskett,coal,ton,430439.0,14.008,15.57,14.96,1.11
960,f1_fuel_1994_12_95_0_2,95,1994,r. m. heskett,gas,mcf,589.0,1.072,4.24,4.24,3.96
961,f1_fuel_1994_12_95_0_4,95,1994,lewis & clark,coal,ton,255118.0,13.274,13.17,11.91,0.99
962,f1_fuel_1994_12_95_0_5,95,1994,lewis & clark,gas,mcf,5833.0,1.141,5.21,5.21,4.57
963,f1_fuel_1994_12_95_0_7,95,1994,miles city,gas,mcf,51398.0,1.029,3.39,3.39,3.15
964,f1_fuel_1994_12_95_0_10,95,1994,big stone,coal,ton,520261.0,12.097999999999999,13.14,12.94,1.09
965,f1_fuel_1994_12_95_0_12,95,1994,big stone,waste,ton,8148.0,0.013615,19.0,18.99,0.7
966,f1_fuel_1994_12_95_0_13,95,1994,big stone cont.,waste,ton,1526.0,0.006975,7.24,7.24,0.52
967,f1_fuel_1994_12_95_1_7,95,1994,glendive,gas,mcf,88055.0,1.017,3.07,3.07,3.02
968,f1_fuel_1994_12_95_1_10,95,1994,coyote i,coal,ton,512140.0,13.844000000000001,11.3,10.99,0.82
969,f1_fuel_1994_12_133_1_3,133,1994,oakland,oil,bbl,4250.0,5.857362,35.01,0.0,5.98
970,f1_fuel_1994_12_133_2_2,133,1994,pittsburg,gas,mcf,87442222.0,1.031244,2.25,0.0,2.18
971,f1_fuel_1994_12_133_4_3,133,1994,mmobile u2 at humbol,oil,bbl,1580.0,5.85837,35.62,0.0,6.08
972,f1_fuel_1994_12_133_5_3,133,1994,mobile u3 at humbold,oil,bbl,2581.0,5.8504320000000005,35.62,0.0,6.09
973,f1_fuel_1994_12_133_6_2,133,1994,"hunters point u2,3,4",gas,mcf,12561074.0,1.014346,2.18,0.0,2.15
974,f1_fuel_1994_12_133_8_2,133,1994,potrero unit 3,gas,mcf,11872972.0,1.013995,2.17,0.0,2.14
975,f1_fuel_1994_12_133_9_3,133,1994,potrero units 4-5-6,oil,bbl,18524.0,5.777310000000001,31.06,0.0,5.38
976,f1_fuel_1994_12_133_10_2,133,1994,humboldt u1&2,gas,mcf,3009188.0,1.029769,2.27,0.0,2.2
977,f1_fuel_1994_12_133_14_2,133,1994,morro bay,gas,mcf,32742807.0,1.02525,2.3,0.0,2.25
978,f1_fuel_1994_12_133_15_2,133,1994,(n)(t)moss landing,gas,mcf,87863451.0,1.021308,2.26,0.0,2.22
979,f1_fuel_1994_12_138_0_1,138,1994,brunner island,coal,ton,2689486.0,25.701999999999998,40.02,38.83,1.557
980,f1_fuel_1994_12_138_0_4,138,1994,martins crk 1&2,coal,ton,378439.0,25.33,41.3,39.54,1.631
981,f1_fuel_1994_12_138_0_13,138,1994,total martins creek,coal,ton,378439.0,25.33,41.3,39.54,1.631
982,f1_fuel_1994_12_138_1_1,138,1994,montour,coal,ton,3237557.0,24.95,38.36,37.17,1.538
983,f1_fuel_1994_12_138_1_4,138,1994,sunbury,coal,ton,1331390.0,19.86,24.39,25.69,1.228
984,f1_fuel_1994_12_138_1_10,138,1994,conemaugh(a),coal,ton,474931.0,24.875999999999998,31.39,30.13,1.262
985,f1_fuel_1994_12_138_1_12,138,1994,conemaugh(a),gas,mcf,50257.0,1.030006,3.29,3.29,3.2
986,f1_fuel_1994_12_138_2_1,138,1994,holtwood,coal,ton,387237.0,18.148,19.15,17.49,1.055
987,f1_fuel_1994_12_148_0_2,148,1994,tulsa,gas,mcf,1038695.0,1.0250000000000001,2.395,2.395,2.337
988,f1_fuel_1994_12_148_0_5,148,1994,riverside,gas,mcf,40586623.0,1.028,2.51,2.51,2.441
989,f1_fuel_1994_12_148_0_8,148,1994,n'east 1&2,gas,mcf,18085425.0,1.028,2.313,2.313,2.25
990,f1_fuel_1994_12_148_0_10,148,1994,northeastern 3&4,coal,ton,3292777.0,16.758,22.74,22.74,1.357
991,f1_fuel_1994_12_148_0_11,148,1994,northeastern 3&4,gas,mcf,1530987.0,1.031,2.39,2.39,2.319
992,f1_fuel_1994_12_148_0_14,148,1994,comanche,gas,mcf,10120248.0,1.066,2.485,2.495,2.33
993,f1_fuel_1994_12_148_1_8,148,1994,s'western,gas,mcf,11868084.0,1.045,2.527,2.527,2.418
994,f1_fuel_1994_12_148_1_10,148,1994,oklaunion,coal,ton,482519.0,16.726000000000003,25.18,25.18,1.505
995,f1_fuel_1994_12_148_1_14,148,1994,weleetka,gas,mcf,28210.0,1.0250000000000001,2.684,2.684,2.618
996,f1_fuel_1994_12_190_0_3,190,1994,west springfield,gas,mcf,1090011.0,1.006,2.305,2.266,2.291
997,f1_fuel_1994_12_190_0_4,190,1994,est springfield,oil,bbl,914.0,5.58915,28.851,26.153,5.162
998,f1_fuel_1994_12_190_0_7,190,1994,doreen,oil,bbl,1541.0,5.590199999999999,28.865,30.33,5.164
999,f1_fuel_1994_12_190_0_10,190,1994,woodland road,oil,bbl,1256.0,5.607,31.154,28.786,5.556
1000,f1_fuel_1994_12_190_1_1,190,1994,millstone no. 1 & 2,nuclear,gramsU,220704.0,6e-06,0.0,0.0,0.0
